"date","TbillsOut","ShTbillsOut","USTNotesOut"
2016-01-04,1513956792600,474000780500,10181612236800
2016-01-05,1513956597900,550999237900,10181612036800
2016-01-06,1513956597900,550999237900,10181612036800
2016-01-07,1478954681900,445999820000,10181612036800
2016-01-08,1478954681800,445999820000,10181612036800
2016-01-11,1478947111200,445994740700,10181612036800
2016-01-12,1478947111200,499986505500,10181612036800
2016-01-13,1478947111200,499986505500,10181611836800
2016-01-14,1443947825400,410987157500,10181611836800
2016-01-15,1443947725100,410987157500,10207610763900
2016-01-19,1443945806100,464987192800,10207610743800
2016-01-20,1443945806100,464987192800,10207605378500
2016-01-21,1455940830700,419985214800,10207605378500
2016-01-22,1455940830700,419985214800,10207605378500
2016-01-25,1455935453500,419979964600,10207605378500
2016-01-26,1455935453500,471978889100,10207605378500
2016-01-27,1455935453500,471978889100,10207605378500
2016-01-28,1477933295600,431979708700,10207605378500
2016-01-29,1477933293500,431979707600,10207605378500
2016-02-01,1477932546000,431979655100,10231543212800
2016-02-02,1477932546000,508982589600,10231543200800
2016-02-03,1477932546000,508982589600,10231543015800
2016-02-04,1495935928400,441986021600,10231543005800
2016-02-05,1495935887300,441986021500,10231543005800
2016-02-08,1495934501300,441985911500,10231543005800
2016-02-09,1495934501300,491980870100,10231542995800
2016-02-10,1495934491300,491980870100,10231542995800
2016-02-11,1518941433600,447988794600,10231542995800
2016-02-12,1518941433600,447988794600,10231542995800
2016-02-16,1518940752600,495988480700,10239136457600
2016-02-17,1518940752600,495988480700,10239136457500
2016-02-18,1536946244600,446996032300,10239136281500
2016-02-19,1536946043600,446996032300,10239136280500
2016-02-22,1536945843300,446996032300,10239136198500
2016-02-23,1536945843300,494991877400,10239136162500
2016-02-24,1536945843300,494991877400,10239136154500
2016-02-25,1551947123900,442993108600,10239136154500
2016-02-26,1551946903800,442993103500,10239136144500
2016-02-29,1551946692800,442992922500,10264459720600
2016-03-01,1551946692800,513991273800,10264459720500
2016-03-02,1551946692800,513991273800,10264459568400
2016-03-03,1561948850700,436987816900,10264459568400
2016-03-04,1561948850500,436987816700,10264459568400
2016-03-07,1561947343700,436987816700,10264459548400
2016-03-08,1561947343700,485987152100,10264459548400
2016-03-09,1561947343700,485987152100,10264459498400
2016-03-10,1583951919200,440993379600,10264459488400
2016-03-11,1583951915100,440993375500,10264459488400
2016-03-14,1583950815000,440992525400,10264459394400
2016-03-15,1583950815000,488990201300,10288460357100
2016-03-16,1583950815000,488990201300,10288460356400
2016-03-17,1607950450200,445991097200,10288460009400
2016-03-18,1607950450200,445991097200,10288459833400
2016-03-21,1607948339700,445991096700,10288459632400
2016-03-22,1607948339700,502992871600,10288459531400
2016-03-23,1607948339700,502992871600,10288458361400
2016-03-24,1621957965000,454999109900,10288458341400
2016-03-25,1621957840000,454999009900,10288458341400
2016-03-28,1621957128000,454998912900,10288458317400
2016-03-29,1621957128000,539994579600,10288458316400
2016-03-30,1621957128000,539994579600,10288458316400
2016-03-31,1617959167300,458996809400,10303718368200
2016-04-01,1617959167300,458996809400,10303718358200
2016-04-04,1617959031400,458996797300,10303718328200
2016-04-05,1617959031400,521995719600,10303718328200
2016-04-06,1617959031400,521995719600,10303718328200
2016-04-07,1595959808100,447996704600,10303718322200
2016-04-08,1595958808100,447996704600,10303718322200
2016-04-11,1595958409600,447996702200,10303693322200
2016-04-12,1595958409600,512991828600,10303693322200
2016-04-13,1595958409600,512991828600,10303693322200
2016-04-14,1574957408800,439991297200,10303693302200
2016-04-15,1574956982800,439991171200,10328081621200
2016-04-18,1574956797800,439991159200,10328081610600
2016-04-19,1574956777800,504988676600,10328081246000
2016-04-20,1574956777800,504988676600,10328080473000
2016-04-21,1549949587200,427984466600,10328080406000
2016-04-22,1549949557200,427984466600,10328080396000
2016-04-25,1549949207100,427984466500,10328080341000
2016-04-26,1549949207100,515979397200,10328080341000
2016-04-27,1549949207100,515979397200,10328080341000
2016-04-28,1526955509900,420983774400,10328080341000
2016-04-29,1526955484900,420983774400,10328080341000
2016-05-02,1526953923900,420983774400,10343355216500
2016-05-03,1526953923900,483980633000,10343355116500
2016-05-04,1526953923900,483980633000,10343350436500
2016-05-05,1520953086000,425981196500,10343350436500
2016-05-06,1520953085900,425981196400,10343350436500
2016-05-09,1520953035800,425981196400,10343350436500
2016-05-10,1520953035800,488984842200,10343350436500
2016-05-11,1520953035800,488984842200,10343350435500
2016-05-12,1522959866900,433992155000,10343350255500
2016-05-13,1522959855600,433992144700,10343350255500
2016-05-16,1522953280500,433992132600,10345268591000
2016-05-17,1522953280500,496988737300,10345268491000
2016-05-18,1522953280500,496988737300,10345267579700
2016-05-19,1524956434800,441991401200,10345267360200
2016-05-20,1524956434800,441991401200,10345267360200
2016-05-23,1524954574700,441991401200,10345267360200
2016-05-24,1524954574700,526986027100,10345267360200
2016-05-25,1524954574700,526986027100,10345267360200
2016-05-26,1523959523600,448991229200,10345267358200
2016-05-27,1523959502100,448991229200,10345267358200
2016-05-31,1523956485900,505993610700,10359856324900
2016-06-01,1523956485900,505993610700,10359856309900
2016-06-02,1517960277400,442997731200,10359850139800
2016-06-03,1517960276400,442997731200,10359850139800
2016-06-06,1517959786400,442997646200,10359850139800
2016-06-07,1517959519900,496994571800,10359850139800
2016-06-08,1517959519900,496994571800,10359850069800
2016-06-09,1506959581400,428991687000,10359849311300
2016-06-10,1506959581100,428991686700,10359849311300
2016-06-13,1506959353000,428991686600,10359849311300
2016-06-14,1506959353000,482990896200,10359849311300
2016-06-15,1506959353000,482990896200,10383849139100
2016-06-16,1500959943200,419994769300,10383847835100
2016-06-17,1500959943200,419994769300,10383847802000
2016-06-20,1500959204200,419994769300,10383847802000
2016-06-21,1500959204200,498994787200,10383847802000
2016-06-22,1500959204200,498994787200,10383846812000
2016-06-23,1497953020300,418988087000,10383846570000
2016-06-24,1497953020200,418988086900,10383846570000
2016-06-27,1497951915000,418988006900,10383846570000
2016-06-28,1497951915000,474988407100,10383846570000
2016-06-29,1497951915000,474988407100,10383845880000
2016-06-30,1507946624000,427983195800,10390778326300
2016-07-01,1507946608000,427983195800,10390778326200
2016-07-05,1507941531000,485976901400,10390777681500
2016-07-06,1507941531000,485976901400,10390777681500
2016-07-07,1521944845800,436979824800,10390777681500
2016-07-08,1521944845700,436979824700,10390777681500
2016-07-11,1521939734300,436974799700,10390777681500
2016-07-12,1521939734300,497972471100,10390777681500
2016-07-13,1521939734300,497972471100,10390777198500
2016-07-14,1536942965900,443973711600,10390776734500
2016-07-15,1536942965900,443973711600,10418423690900
2016-07-18,1536937871200,443968657000,10418423665400
2016-07-19,1536937871200,526962451800,10418423637300
2016-07-20,1536937871200,526962451800,10418423445300
2016-07-21,1541938313600,442968342000,10418423175300
2016-07-22,1541928313500,442968342000,10418423175300
2016-07-25,1541926161400,442968341400,10418423175300
2016-07-26,1541926161400,503964890800,10418423175300
2016-07-27,1541926161400,503964890800,10418422907300
2016-07-28,1549931891500,442971271700,10418422897300
2016-07-29,1549931878200,442971258500,10418422844300
2016-08-01,1549929201700,442970454000,10418815972000
2016-08-02,1549929201700,503970629600,10418815972000
2016-08-03,1549929201700,503970629600,10418815764000
2016-08-04,1565934508300,450976525200,10418815735000
2016-08-05,1565934508300,450976525200,10418815735000
2016-08-08,1565927710300,450975917200,10418815735000
2016-08-09,1565927710300,511970958700,10418815735000
2016-08-10,1565927710300,511970958700,10418815452800
2016-08-11,1588936026900,460978858300,10418815452800
2016-08-12,1588936026800,460978858200,10418815447800
2016-08-15,1588932926800,460976608200,10432609493900
2016-08-16,1588932926800,541972033000,10432609469900
2016-08-17,1588957927200,541997033400,10432609252700
2016-08-18,1609970758700,469009704800,10432609219700
2016-08-19,1609970458600,469009704800,10432609219700
2016-08-22,1609968678300,469009704800,10432609219700
2016-08-23,1609968678300,528012348800,10432609219700
2016-08-24,1609943677900,527987348400,10432609219700
2016-08-25,1632948584500,476992735300,10432609146700
2016-08-26,1632948584300,476992735200,10432609146700
2016-08-29,1632948392300,476992733200,10432609146700
2016-08-30,1632948392300,533992461300,10432609146700
2016-08-31,1632948392300,533992461300,10432717306000
2016-09-01,1640955268100,467993854900,10432717303000
2016-09-02,1640954383100,467993853900,10432717302900
2016-09-06,1640954303000,525994028400,10432717302900
2016-09-07,1640954303000,525994028400,10432717302900
2016-09-08,1640962161000,450001194500,10432717302900
2016-09-09,1640962153000,450001194500,10432717302900
2016-09-12,1640961510800,450000730300,10432717302900
2016-09-13,1640961510800,521000413300,10432717302900
2016-09-14,1640961510800,521000413300,10432717266900
2016-09-15,1635967687700,420004841800,10457717166100
2016-09-16,1635967636700,420004840800,10457717163800
2016-09-19,1635966610300,420004839800,10457717163800
2016-09-20,1635966610300,480995870100,10457717163800
2016-09-21,1635966610300,480995870100,10457717153800
2016-09-22,1632964515100,401992682900,10457717152800
2016-09-23,1632964477900,401992682600,10457717148800
2016-09-26,1632964116700,401992642400,10457717148800
2016-09-27,1632964116700,462995109300,10457717148800
2016-09-28,1632964116700,462995109300,10457717148800
2016-09-29,1646963621200,400994546400,10457717148800
2016-09-30,1646963621200,400994546400,10456478718600
2016-10-03,1646948181200,400989246400,10456478713500
2016-10-04,1646948181200,461983969000,10456478113500
2016-10-05,1646948181200,461983969000,10456478094500
2016-10-06,1666942099600,403978030500,10456478069500
2016-10-07,1666941974400,403977905500,10456478054500
2016-10-11,1666941656100,481970610700,10456478054500
2016-10-12,1666941656100,481970610700,10456478054500
2016-10-13,1698940715400,415970472800,10456478034500
2016-10-14,1698939315300,415969272700,10456478024500
2016-10-17,1698936744500,415969271900,10482480794300
2016-10-18,1698936744500,481969820100,10482480754300
2016-10-19,1698936744500,481969820100,10482480734300
2016-10-20,1725946960000,430978887500,10482480695300
2016-10-21,1725946875000,430978882500,10482480694800
2016-10-24,1725946774900,430978882400,10482480694800
2016-10-25,1725946774900,430978882400,10482480694800
2016-10-26,1725946774900,496977797900,10482480694800
2016-10-27,1752949583900,445980030600,10482479036800
2016-10-28,1752949078700,445980030400,10482479036800
2016-10-31,1752948368200,445980030400,10478712589100
2016-11-01,1752948368200,511978500700,10478712589100
2016-11-02,1752948368200,511978500700,10478712579100
2016-11-03,1784959374500,465989971800,10478712579100
2016-11-04,1784959374400,465989971800,10478712579100
2016-11-07,1784957334400,465989731800,10478712579100
2016-11-08,1784957334400,545991173600,10478712579100
2016-11-09,1784957334400,545991173600,10478712579100
2016-11-10,1829967001400,492999718200,10478712579100
2016-11-14,1829966631300,492999718100,10478712578600
2016-11-15,1829958015900,558992977100,10482207629000
2016-11-16,1829958015900,558992977100,10482207528400
2016-11-17,1861955340900,512993008600,10482207519400
2016-11-18,1861955090400,512992808200,10482207518800
2016-11-21,1861954840400,512992808200,10482207518800
2016-11-22,1861954840400,578992104800,10482207518800
2016-11-23,1861954590400,578992104800,10482207405800
2016-11-25,1872959170300,517995945000,10482207333800
2016-11-28,1872959170300,517995945000,10482207333800
2016-11-29,1872954069800,583986512700,10482207333800
2016-11-30,1872954069800,583986512700,10482023395500
2016-12-01,1862953580300,507985921200,10481998320000
2016-12-02,1862953530300,507985921200,10481998280000
2016-12-05,1862953480200,507985921200,10481998280000
2016-12-06,1862953480200,594983705700,10481998280000
2016-12-07,1862953480200,594983705700,10481998280000
2016-12-08,1844957184000,494989282400,10481998270000
2016-12-09,1844957172400,494989272400,10481998260000
2016-12-12,1844956727400,494988942400,10481998260000
2016-12-13,1844956726500,568987809700,10481998260000
2016-12-14,1844956726500,568987809700,10481998203000
2016-12-15,1820950897000,482986315300,10507998112100
2016-12-16,1820950897000,482986315300,10507998112000
2016-12-19,1820950797000,482986315300,10507998101900
2016-12-20,1820950797000,556979671000,10507998101900
2016-12-21,1820950797000,556979671000,10507998101900
2016-12-22,1816961805500,490978107200,10507998101900
2016-12-23,1816961182500,490977529200,10507998101900
2016-12-27,1816958347500,564974066000,10507998101900
2016-12-28,1816958347500,564974066000,10507998101900
2016-12-29,1789962343400,503976813300,10507998101900
2016-12-30,1817962855000,503976813100,10507998100900
2017-01-03,1817962068000,595974668800,10511622911800
2017-01-04,1817962068000,595974668800,10511622909500
2017-01-05,1812957137600,508978900700,10511622791500
2017-01-06,1812956902600,508978890200,10511622790500
2017-01-09,1812956820600,508978889200,10511622790500
2017-01-10,1812956820600,584978415900,10511622790500
2017-01-11,1812956820600,584978415900,10511622789500
2017-01-12,1800958641500,510979760800,10511622771500
2017-01-13,1800958635900,510979755200,10511622771500
2017-01-17,1800958032600,586978226700,10540723542000
2017-01-18,1800958032600,586978226700,10540723541600
2017-01-19,1778970605900,502990381800,10540722041600
2017-01-20,1778967805700,502990381700,10540722041600
2017-01-23,1778967685700,502990371700,10540722041600
2017-01-24,1778967685700,575990109600,10540722041600
2017-01-25,1778967685700,575990109600,10540722041600
2017-01-26,1761978594100,497001989300,10540721941600
2017-01-27,1761978594000,497001989200,10540721938600
2017-01-30,1761978384000,497001929200,10540721938600
2017-01-31,1761978384000,587006058600,10540125606100
2017-02-01,1761978384000,587006058600,10540125546100
2017-02-02,1751979675000,495007105200,10540125073000
2017-02-03,1751979173800,495007105200,10540125073000
2017-02-06,1751976237200,495007084600,10540125073000
2017-02-07,1751976237200,565005664700,10540125073000
2017-02-08,1751976237200,565005664700,10540125034000
2017-02-09,1787983301700,489006451700,10540125034000
2017-02-10,1787978301700,489001451700,10540125034000
2017-02-13,1787977156200,539002192200,10540125034000
2017-02-14,1787977156200,608997495200,10540125034000
2017-02-15,1787977156200,608997495200,10557092051900
2017-02-16,1773984873100,533004798300,10557092014300
2017-02-17,1773983172000,533003197200,10557092004300
2017-02-21,1773977157900,603008787700,10557092004300
2017-02-22,1773977157900,603008787700,10557091974300
2017-02-23,1752966856700,520004147700,10557091969300
2017-02-24,1752966624400,520003965600,10557091764300
2017-02-27,1752962519300,520003765500,10557091734300
2017-02-28,1752962519300,609999110600,10563012520500
2017-03-01,1752962519300,609999110600,10563012484500
2017-03-02,1717955036500,492993238600,10563009893300
2017-03-03,1717954753100,492993216100,10563009893300
2017-03-06,1717954231900,492993155000,10563009893300
2017-03-07,1717954231900,562992986000,10563009893300
2017-03-08,1717954231900,562992986000,10563009893300
2017-03-09,1691960481200,482998976800,10563009883300
2017-03-10,1691960427700,482998924300,10563009883300
2017-03-13,1691957456500,482998914200,10563009883300
2017-03-14,1724957984500,552997585300,10563009883300
2017-03-15,1654957244000,482996844800,10589010355800
2017-03-16,1695965039000,423002063500,10589009929000
2017-03-17,1695965036500,423002061000,10589009922500
2017-03-20,1695963133000,423000247500,10589009922500
2017-03-21,1695963133000,528001836500,10589009922500
2017-03-22,1695963133000,528001836500,10589009911500
2017-03-23,1717962404900,477995882200,10589009811500
2017-03-24,1717962352500,477995864900,10589009811500
2017-03-27,1717956542500,477995864900,10589009811500
2017-03-28,1717956542500,600993179100,10589009811500
2017-03-29,1717956542500,600993179100,10589009811500
2017-03-30,1756961027200,547999754000,10589009805500
2017-03-31,1756959971200,547998798000,10592750384500
2017-04-03,1756958025900,547997932900,10592750384400
2017-04-04,1756957325900,617993303900,10592750260300
2017-04-05,1756957325900,617993303900,10592750260300
2017-04-06,1798965566800,588000518700,10592750260300
2017-04-07,1798965365800,588000317700,10592750260300
2017-04-10,1798963270300,588000317700,10592750260300
2017-04-11,1798988270700,658005931500,10592750260300
2017-04-12,1798988270700,658005931500,10592750260300
2017-04-13,1800984489200,588005594200,10592750220300
2017-04-14,1800984376900,588005494100,10592750220300
2017-04-17,1800984096800,588005474000,10619211974700
2017-04-18,1800984096800,658022297600,10619211974600
2017-04-19,1800984096800,658022297600,10619210921500
2017-04-20,1767982504300,553020419200,10619185921500
2017-04-21,1767982488800,553020418700,10619185921500
2017-04-24,1767980559600,553019709500,10619185921500
2017-04-25,1767980559600,640012011100,10619185921500
2017-04-26,1767980469200,640011920700,10619185921500
2017-04-27,1741992469200,522016797700,10619185916500
2017-04-28,1741990424800,522016695200,10619185896500
2017-05-01,1741988566600,522016050200,10624487408300
2017-05-02,1741988566600,586016228400,10624487212200
2017-05-03,1741988566600,586016228400,10624487202100
2017-05-04,1743987227500,516014580400,10624487200100
2017-05-05,1743986757400,516014320400,10624487200100
2017-05-08,1743985982400,516014305400,10624487200100
2017-05-09,1743985981900,574011853800,10624487200100
2017-05-10,1743985981900,574011853800,10624487200100
2017-05-11,1745978530900,504006952000,10624487200100
2017-05-12,1745978524700,504006951400,10624487197100
2017-05-15,1745973340800,504001877600,10636814762500
2017-05-16,1745973340800,568003194700,10636814761700
2017-05-17,1745973340800,568003194700,10636814702100
2017-05-18,1747958495100,497987474400,10636814700100
2017-05-19,1747958055000,497987474300,10636814700100
2017-05-22,1747957801200,497987420500,10636814700100
2017-05-23,1747957801200,584993813500,10636814699600
2017-05-24,1747957801200,584993813500,10636814699600
2017-05-25,1747959505300,492994922200,10636814589600
2017-05-26,1747959079200,492994921100,10636814589600
2017-05-30,1747958274100,559994739100,10636814589600
2017-05-31,1747958274000,559994739000,10642735696300
2017-06-01,1770959384900,510994520500,10642735696200
2017-06-02,1770957633800,510992995400,10642735562100
2017-06-05,1770957411200,510992994800,10642735562100
2017-06-06,1770957411200,577987989200,10642735562100
2017-06-07,1770957411200,577987989200,10642735562100
2017-06-08,1769966425200,504995240900,10642735549100
2017-06-09,1769966412700,504995240900,10642735545100
2017-06-12,1769966362600,504995201200,10642735545100
2017-06-13,1769966362600,571995753600,10642735545100
2017-06-14,1769966362600,571995753600,10642735545100
2017-06-15,1732962717200,462993094800,10670735612400
2017-06-16,1732962616100,462992993700,10670735512300
2017-06-19,1732962165100,462992978700,10670735095300
2017-06-20,1732962165100,549985811700,10670735095300
2017-06-21,1732962165100,549985811700,10670735095300
2017-06-22,1717968441000,442986018800,10670735085300
2017-06-23,1717967856000,442985518800,10670735085300
2017-06-26,1717965834700,442985449600,10670735085300
2017-06-27,1717965834700,509985404200,10670735085300
2017-06-28,1717965834700,509985404200,10670735085300
2017-06-29,1717961750300,437987056500,10670735044300
2017-06-30,1717957649300,437985055500,10677183158200
2017-07-03,1717957237400,437985055500,10677183138100
2017-07-05,1717957237400,504984829700,10677183122100
2017-07-06,1722962516400,437989579900,10677182845100
2017-07-07,1722962490100,437989578600,10677182845100
2017-07-10,1722962465400,437989556100,10677182845100
2017-07-11,1722962465400,504988538100,10677182845100
2017-07-12,1722962465400,504988538100,10677182845100
2017-07-13,1732968111500,442995468400,10677182660100
2017-07-14,1732967946500,442995468400,10677182660100
2017-07-17,1732967742400,442995464300,10707461043400
2017-07-18,1732967736400,529995356100,10707461043400
2017-07-19,1732967736400,529995356100,10707461018300
2017-07-20,1747971605700,452998980700,10707461018300
2017-07-21,1747969205700,452997580700,10707461018300
2017-07-24,1747961493500,452997290700,10707461018300
2017-07-25,1747961493500,519996117300,10707461018300
2017-07-26,1747961493500,519996117300,10707460968300
2017-07-27,1757958157100,457991123600,10707460862300
2017-07-28,1757957722100,457991122600,10707460836300
2017-07-31,1757956089100,457991122600,10713449502700
2017-08-01,1777956253100,544992007400,10713449502200
2017-08-02,1777956253100,544992007400,10713449500200
2017-08-03,1787952580100,482986315200,10713449500200
2017-08-04,1787952532400,482986277500,10713449500200
2017-08-07,1787952524100,482986277200,10713449500200
2017-08-08,1787952524100,545986530300,10713449500200
2017-08-09,1787952524100,545986530300,10713449500200
2017-08-10,1797949732500,483982283100,10713449500200
2017-08-11,1797949636300,483982280100,10713449500200
2017-08-14,1797949573300,483982279600,10713449500200
2017-08-15,1777949409300,552981070100,10728136195300
2017-08-16,1777949409300,552981070100,10728136039400
2017-08-17,1772950069700,455986265300,10728135958600
2017-08-18,1772947466000,455985260300,10728135958600
2017-08-21,1772946844000,455985060300,10728135958600
2017-08-22,1772946844000,527987744600,10728135958600
2017-08-23,1772946844000,527987744600,10728135958600
2017-08-24,1762924365400,445990054700,10728135958600
2017-08-25,1762923664400,445989354700,10728135958600
2017-08-28,1762922989300,445989304600,10728135958600
2017-08-29,1762922989300,517982709700,10728135958600
2017-08-30,1762922989300,517982709700,10728135898600
2017-08-31,1.747922e+12,430983675400,10728189143400
2017-09-01,1787922502800,430983675000,10728188892200
2017-09-05,1787922010700,502982773800,10728188109200
2017-09-06,1787922010700,502982773800,10728188109200
2017-09-07,1796933311500,439995094000,10728188059200
2017-09-08,1816928511300,459990293800,10728188059200
2017-09-11,1816928340300,459990222800,10728188059200
2017-09-12,1816928340300,551984459900,10728188059200
2017-09-13,1816928340300,551984459900,10728188059200
2017-09-14,1819936094800,462990390800,10728188057200
2017-09-15,1774934173600,417989422600,10757183069600
2017-09-18,1774930445500,417988929600,10757182932200
2017-09-19,1774930440000,489981190700,10757182905400
2017-09-20,1774930439000,489981190700,10757182905400
2017-09-21,1785931192700,422984635500,10757182905400
2017-09-22,1785927892100,422981334900,10757182905400
2017-09-25,1785925492500,422980385300,10757182905400
2017-09-26,1785925492500,494984046900,10757182905400
2017-09-27,1785925492500,494984046900,10757182905400
2017-09-28,1801936880000,432995040200,10757182851400
2017-09-29,1801935811200,432993997400,10757182851400
2017-10-02,1801935216000,432993811200,10765216184900
2017-10-03,1801935216000,504993470000,10765216119000
2017-10-04,1801935216000,504993470000,10765213118400
2017-10-05,1822924096600,447983259600,10765213108400
2017-10-06,1822924095600,447983259300,10765213108400
2017-10-10,1822923093900,539980870600,10765213108400
2017-10-11,1822923093900,539980870600,10765213108400
2017-10-12,1828927305500,447984319000,10765213108400
2017-10-13,1828926508300,447984203800,10765213108400
2017-10-16,1828925125600,447984133300,10794212229200
2017-10-17,1828925125600,519979459500,10794211984100
2017-10-18,1828925125600,519979459500,10794207916600
2017-10-19,1839935325000,452992962800,10794207916600
2017-10-20,1839934938800,452992926700,10794207916600
2017-10-23,1839934608700,452992906600,10794207916600
2017-10-24,1839934608700,452992906600,10794207916600
2017-10-25,1839934608700,524984664200,10794207916600
2017-10-26,1855933464600,462982565800,10794207916600
2017-10-27,1855933404500,462982525700,10794207916600
2017-10-30,1855928292500,462982524700,10794207916600
2017-10-31,1855928292500,534982036300,10793815895900
2017-11-01,1905928787000,534982036300,10793815629900
2017-11-02,1926933369200,477985278700,10793815159900
2017-11-03,1926931539000,477985168500,10793815159900
2017-11-06,1926931408800,477985158400,10793815159900
2017-11-07,1926931408800,569985159800,10793815159900
2017-11-08,1926931408800,619985654300,10793815159900
2017-11-09,1947930539700,542985529400,10793814630900
2017-11-10,1947927603700,542982978400,10793814630900
2017-11-13,1947921230200,542977475900,10793814325900
2017-11-14,1947921227400,614974777200,10793814325900
2017-11-15,1947921227400,614974777200,10809644498800
2017-11-16,1963915867100,552977491800,10809619494600
2017-11-17,1963914789100,552977491800,10809617451100
2017-11-20,1963912159500,552975481200,10809617451100
2017-11-21,1963912159500,627971140800,10809617451100
2017-11-22,1963912159500,627971140800,10809617451100
2017-11-24,1969912994800,555970430800,10809617451100
2017-11-27,1969912837400,555970341200,10809617451100
2017-11-28,1969912752400,630964437000,10809617451100
2017-11-29,1969912752400,630964437000,10809617451100
2017-11-30,1970909503300,553965678600,10811248976600
2017-12-01,1970907247300,553964603600,10811248971400
2017-12-04,1970907150200,593965287500,10811248146400
2017-12-05,1970907150200,688960174500,10811248146400
2017-12-06,1970907150200,688960174500,10811248138400
2017-12-07,1961922700900,581966046000,10811248138400
2017-12-08,1920920112400,531965543500,10811248133400
2017-12-11,1920914400000,531965542100,10811248133400
2017-12-12,1920914400000,606964612600,10811248133400
2017-12-13,1920914400000,606964612600,10811248133400
2017-12-14,1927920851200,529970875400,10811248132400
2017-12-15,1927920686200,529970760400,10842247471500
2017-12-18,1927920227200,529970622400,10842247470500
2017-12-19,1927920227200,613964894200,10842247110500
2017-12-20,1927920227200,613964894200,10842247109500
2017-12-21,1941930728800,543978232600,10842247109500
2017-12-22,1941930612700,543978116600,10842247108000
2017-12-26,1941927551000,618973012800,10842247108000
2017-12-27,1941927551000,618973012800,10842247108000
2017-12-28,1955935586700,548979183500,10842247108000
2017-12-29,1955932143300,548979098100,10842247108000
2018-01-02,1915931359300,603978038700,10850298481200
2018-01-03,1915931359300,603978038700,10850298476200
2018-01-04,1945941710500,523986934600,10850293348200
2018-01-05,1945941604400,523986828500,10850293347700
2018-01-08,1945941261500,523986816200,10850293347700
2018-01-09,1945941261500,598986239900,10850293347700
2018-01-10,1945941261500,598986239900,10850293347700
2018-01-11,1965940870600,528985437500,10850293162700
2018-01-12,1965936762600,528984435500,10850293162700
2018-01-16,1965934002500,603974008900,10884189609400
2018-01-17,1965934002500,603974008900,10884189208800
2018-01-18,1966941091800,514981160000,10884189208300
2018-01-19,1966965848400,515005986800,10884189108300
2018-01-22,1966958149300,515005403700,10884189108300
2018-01-23,1966958149300,589989252900,10884189108300
2018-01-24,1966958149300,589989252900,10884189108300
2018-01-25,1966942085600,499973172700,10884189088300
2018-01-26,1966940734600,499971851700,10884189086300
2018-01-29,1966938939600,499971551700,10884189086300
2018-01-30,1966938939600,594962197100,10884189086300
2018-01-31,1966938939100,594962196600,10894084301300
2018-02-01,1956952052800,474964949800,10894084291300
2018-02-02,1956945932700,474964324700,10894084075300
2018-02-05,1956944778700,474963960700,10894084075300
2018-02-06,1956944778700,549966491300,10894084075300
2018-02-07,1956944777600,549966490200,10894084075300
2018-02-08,1966950893900,439969663900,10894084025300
2018-02-09,1966947566800,439968653900,10894084025300
2018-02-12,1966947536000,439968623100,10894084025300
2018-02-13,1966947536000,517968630200,10894084025300
2018-02-14,1966947536000,517968630200,10894083993300
2018-02-15,1986960456800,447978965200,10909350476500
2018-02-16,2036960655900,447978664200,10909350473400
2018-02-20,2036957310400,528973257500,10909350239000
2018-02-21,2036957310400,528973257500,10909350229000
2018-02-22,2077974526100,473991382200,10909350229000
2018-02-23,2077966932600,473984044200,10909350229000
2018-02-26,2077965925000,473983886600,10909350229000
2018-02-27,2077965920500,574986043100,10909350229000
2018-02-28,2077965920500,574986043100,10923487703700
2018-03-01,2135985458300,515001072600,10923487048700
2018-03-02,2135984800600,515000814900,10923485793600
2018-03-05,2135984346600,515000731900,10923485793600
2018-03-06,2135984346600,599000727800,10923485793600
2018-03-07,2135984346600,599000727800,10923485793600
2018-03-08,2206977232000,573999851100,10923485758600
2018-03-09,2206975945000,573999703100,10923485758600
2018-03-12,2206974167500,573998260900,10923485758600
2018-03-13,2206974167500,707996688500,10923485758600
2018-03-14,2206974147500,707996688500,10923485758600
2018-03-15,2239970942300,644999652600,10961486596200
2018-03-16,2239970632300,644999452600,10961486576200
2018-03-19,2239970435200,644999415500,10961486536200
2018-03-20,2239969914700,758991974900,10961486536200
2018-03-21,2239969914700,758991974900,10961486516200
2018-03-22,2264982193900,687997312200,10961486496200
2018-03-23,2264981903800,687997292100,10961486486200
2018-03-26,2264976702600,687992491100,10961486486200
2018-03-27,2264976702600,791990752600,10961486486200
2018-03-28,2264976702600,791990752600,10961486486200
2018-03-29,2288971226100,695983195200,10961486486200
2018-03-30,2288968542300,695981651600,10961486486200
2018-04-02,2288963756900,695980881800,10974549409900
2018-04-03,2288963756900,779988173100,10974549337900
2018-04-04,2288963756900,779988173100,10974548037800
2018-04-05,2284962255000,685985853400,10974548032800
2018-04-06,2284961492300,685985385700,10974548007800
2018-04-09,2284960494400,685984864300,10974548007800
2018-04-10,2284960494400,769984427200,10974548007800
2018-04-11,2284960494400,769984427200,10974548007800
2018-04-12,2220964393400,615983882400,10974548007800
2018-04-13,2220963694400,615983828400,10974548007800
2018-04-16,2220957481400,615978225400,11014657799400
2018-04-17,2220957481400,699978402400,11014657798700
2018-04-18,2220957481400,699978402400,11014657798700
2018-04-19,2176985473000,565990519800,11014657778700
2018-04-20,2176985115200,565990482000,11014657778700
2018-04-23,2176984511400,565990468200,11014657778700
2018-04-24,2176984511400,672988214900,11014657778700
2018-04-25,2176984511400,672988214900,11014657778700
2018-04-26,2168990947500,548991704400,11014657740700
2018-04-27,2168988268400,548990362300,11014657690700
2018-04-30,2168986565400,548990361300,11024172848200
2018-05-01,2168986565400,635991335900,11024172739300
2018-05-02,2168986565400,635991335900,11024171693200
2018-05-03,2164983167400,541989150700,11024171693200
2018-05-04,2164982040300,541988079600,11024171693200
2018-05-07,2164981919100,541988009500,11024171693200
2018-05-08,2164981839100,628984527100,11024171693200
2018-05-09,2164981839100,628984527100,11024171693200
2018-05-10,2170995406600,544993170500,11024171692200
2018-05-11,2170994052300,544992656700,11024171692200
2018-05-14,2170986137600,544990134000,11024171692200
2018-05-15,2170986137600,634988783900,11049430855800
2018-05-16,2170986137600,634988783900,11049430855600
2018-05-17,2176990590600,550990447400,11049430604500
2018-05-18,2176983324000,550985027400,11049430604500
2018-05-21,2176981368300,550984124900,11049405604500
2018-05-22,2176981368300,660986493800,11049405604500
2018-05-23,2176981368300,660986493800,11049405591500
2018-05-24,2185988690800,553997646200,11049405590500
2018-05-25,2185981429500,553997505400,11049405590500
2018-05-29,2185979319100,643993173300,11049405590500
2018-05-30,2185979319100,643993173300,11049405590500
2018-05-31,2183981720500,551986526500,11066531393500
2018-06-01,2183977773600,551984019800,11066530733000
2018-06-04,2183976525500,551983937700,11066530303900
2018-06-05,2183976525500,641984682000,11066530303900
2018-06-06,2183976524500,641984682000,11066530303900
2018-06-07,2176981793500,544988929300,11066530283900
2018-06-08,2176981364000,544988868300,11066530283900
2018-06-11,2176981087800,544988858100,11066530283900
2018-06-12,2176981087800,634985441300,11066530283900
2018-06-13,2176981087800,634985441300,11066530283900
2018-06-14,2166995938600,534992128700,11066530283900
2018-06-15,2166994314700,534990836800,11110530526800
2018-06-18,2166993181800,534990725700,11110530437300
2018-06-19,2166993181800,645002776800,11110530407100
2018-06-20,2166993181800,645002776800,11110530407100
2018-06-21,2162982032700,524987757100,11110530407100
2018-06-22,2162973157100,524984636000,11110530407100
2018-06-25,2162969222600,524984333100,11110530407100
2018-06-26,2162969222600,614983589900,11110530407100
2018-06-27,2162969222600,614983589900,11110530407100
2018-06-28,2157981702600,519996111600,11110530397100
2018-06-29,2157980336400,519995732000,11110530256600
2018-07-02,2157977674700,519993622300,11128256309100
2018-07-03,2157977674700,609998643800,11128256068900
2018-07-05,2157907233500,519986950000,11128255826800
2018-07-06,2157904478000,519986806300,11128255816800
2018-07-09,2157902838300,519985678600,11128255816800
2018-07-10,2157902838300,609982723000,11128255816800
2018-07-11,2157902838300,609982723000,11128255816800
2018-07-12,2157906808400,519986154400,11128255816800
2018-07-13,2157905964500,519985772800,11128255776800
2018-07-16,2157897719700,519983693400,11173523980400
2018-07-17,2157897719700,629982575700,11173523978300
2018-07-18,2157897719700,629982575700,11173522895200
2018-07-19,2179889046600,529977358000,11173522895200
2018-07-20,2179887972800,529977220500,11173522895200
2018-07-23,2179886456600,529977047400,11173522895200
2018-07-24,2179886456600,622969867700,11173522895200
2018-07-25,2179886456600,622969867700,11173522895200
2018-07-26,2205900463300,552975405900,11173522770200
2018-07-27,2205897415100,552972982900,11173522765200
2018-07-30,2205895592700,552972046500,11173522765200
2018-07-31,2205895592700,645979342800,11187328208000
2018-08-01,2205895492700,645979342800,11187327118000
2018-08-02,2241909142600,585991876500,11187327087700
2018-08-03,2241908855900,585991824800,11187327087700
2018-08-06,2241904757400,585988511300,11187327087700
2018-08-07,2241904757400,678983102700,11187327087700
2018-08-08,2241904757400,678983102700,11187327087700
2018-08-09,2282914165900,623989177400,11187327087700
2018-08-10,2282909483900,623988479700,11187327087700
2018-08-13,2282903359300,623983329100,11187327087700
2018-08-14,2282903359300,736983139500,11187327087700
2018-08-15,2282903259300,736983039500,11214527786700
2018-08-16,2319908982400,651988094600,11214527785600
2018-08-17,2319905290400,651985818600,11214522770200
2018-08-20,2319901973100,651985363300,11214522770200
2018-08-21,2319901973100,744981697400,11214522770200
2018-08-22,2319901973100,744981697400,11214522770200
2018-08-23,2337928146500,666992695000,11214522740200
2018-08-24,2337927173300,666992021800,11214522740200
2018-08-27,2337925750500,666991261800,11214522740200
2018-08-28,2337925750500,759988654300,11214522740200
2018-08-29,2337925750500,759988654300,11214522740200
2018-08-30,2340923372700,666981771800,11214522640200
2018-08-31,2340922658400,666981692000,11233182571600
2018-09-04,2340921435400,756940560900,11233181742500
2018-09-05,2340921435400,756940560900,11233181712500
2018-09-06,2322934308800,648947734200,11233181712500
2018-09-07,2322933046700,648947462500,11233181712500
2018-09-10,2322931864300,648946961100,11233181712500
2018-09-11,2322931864300,758949699400,11233181712500
2018-09-12,2322931864300,758949699400,11233181712500
2018-09-13,2300939733100,620946943600,11233181660500
2018-09-14,2300939044000,620946574600,11233181650500
2018-09-17,2300938284700,620946273900,11282181775600
2018-09-18,2300938284700,713949503000,11282181748700
2018-09-19,2300938284700,713949503000,11282181748100
2018-09-20,2267943962500,590950065800,11282181748100
2018-09-21,2267941410600,590950048900,11282181748100
2018-09-24,2267937519300,590948370500,11282181748100
2018-09-25,2267937519300,683954931200,11282181748100
2018-09-26,2267937519300,683954931200,11282181748100
2018-09-27,2239936941600,565957498900,11282181724100
2018-09-28,2239935867100,565956744400,11282181724100
2018-10-01,2239932789600,565955559400,11295689362500
2018-10-02,2239932789600,658954935200,11295689321800
2018-10-03,2239932787600,658954933200,11295686356800
2018-10-04,2224982845900,554000247300,11295686356800
2018-10-05,2224982582900,554000104300,11295686281800
2018-10-09,2224979966200,666997983700,11295686281800
2018-10-10,2224979966200,666997983700,11295686281800
2018-10-11,2226003056200,552021087600,11295686281800
2018-10-12,2226001710900,552020200400,11295686280800
2018-10-15,2225996276600,552019171300,11345686548500
2018-10-16,2225996276600,645019260300,11345686443300
2018-10-17,2225996276600,645019260300,11345686134100
2018-10-18,2242003112000,552022008100,11345686134100
2018-10-19,2241998743200,552017803300,11345686134100
2018-10-22,2241996803100,552017616200,11345686134100
2018-10-23,2241996803100,552017616200,11345686134100
2018-10-24,2241996803100,645019438800,11345686134100
2018-10-25,2258002647200,552003391100,11345686134100
2018-10-26,2258001570700,552002767200,11345686132100
2018-10-29,2258000985700,552002752200,11345686132100
2018-10-30,2258000985700,645007794900,11345686132100
2018-10-31,2258000985700,645007794900,11361011957300
2018-11-01,2279021262400,557010004500,11361011660100
2018-11-02,2279020801300,557009863400,11361007611100
2018-11-05,2279013265200,557004923300,11361007611100
2018-11-06,2279013265200,667008675300,11361007611100
2018-11-07,2279013265200,667008675300,11361007611100
2018-11-08,2316002264700,563992379000,11361007594100
2018-11-09,2315996090900,563992009600,11361007589100
2018-11-13,2315993419800,678998537600,11361007577100
2018-11-14,2315993316300,678998534100,11361007577100
2018-11-15,2347102384200,596107976700,11372259883000
2018-11-16,2347098878800,596105361300,11372259706300
2018-11-19,2347091326000,621101496400,11372259579000
2018-11-20,2347091326000,711101542400,11372259579000
2018-11-21,2347091326000,711101542400,11372259554000
2018-11-23,2372100633400,628113026200,11372259454000
2018-11-26,2372100020300,653112933200,11372259454000
2018-11-27,2372094983400,743103992200,11372259454000
2018-11-28,2372094983400,743103992200,11372259454000
2018-11-29,2389100266200,655104166900,11372259439000
2018-11-30,2389099681800,655104059300,11398934342200
2018-12-03,2389098470900,685104313800,11398934252200
2018-12-04,2389098470900,795085965300,11398932608700
2018-12-05,2389098470900,795085965300,11398932608700
2018-12-06,2400098269100,675083293600,11398932608700
2018-12-07,2400096967100,675082879600,11398932608700
2018-12-10,2400095831700,705082774400,11398932608700
2018-12-11,2394989663800,759969691400,11398932608700
2018-12-12,2394989286900,759969319500,11398932608700
2018-12-13,2379979776300,669960515100,11398932578700
2018-12-14,2379979150400,669960515100,11398932578700
2018-12-17,2379978204700,699960605500,11452938285500
2018-12-18,2374972019100,754951195400,11452938130200
2018-12-19,2374968755300,754947931600,11452937970100
2018-12-20,2359984123300,664946651400,11452937970100
2018-12-21,2359983092800,664946651400,11452937970100
2018-12-24,2359981107800,694947902200,11452937970100
2018-12-26,2354988803000,749973141500,11452937970100
2018-12-27,2339999570900,659977065300,11452937970100
2018-12-28,2339997329700,659976561600,11452937970100
2018-12-31,2339992169700,689976598800,11471548169100
2019-01-02,2339989955100,769972324300,11471545072300
2019-01-03,2331013985200,659990433000,11471544390300
2019-01-04,2331009110200,659989562000,11471544266300
2019-01-07,2331008948200,689989621600,11471544266300
2019-01-08,2331034955000,750007911900,11471544266300
2019-01-09,2331034883900,750007868300,11471544266300
2019-01-10,2316052267500,660014428600,11471544266300
2019-01-11,2316051018200,660014428600,11471544266300
2019-01-14,2316044627200,690015538600,11471544266300
2019-01-15,2316063582400,750029303200,11525542210600
2019-01-16,2316061393400,750027781200,11525542044800
2019-01-17,2301069438000,660028552700,11525541869800
2019-01-18,2301069196900,660028552700,11525541869800
2019-01-22,2301063106400,747033112500,11525541869800
2019-01-23,2301062149300,747032430400,11525541869800
2019-01-24,2292053170500,657008244500,11525541869800
2019-01-25,2292052950000,657008244500,11525541829800
2019-01-28,2292050864700,687006219300,11525541829800
2019-01-29,2302060953900,768017425400,11525541829800
2019-01-30,2302057126500,768013748000,11525541829800
2019-01-31,2299064463400,658011292700,11546344984800
2019-02-01,2299063621700,658011276700,11546344424800
2019-02-04,2299062887600,688020483800,11546344241100
2019-02-05,2314054441200,749011814100,11546344241100
2019-02-06,2314052040700,749009505600,11546344241100
2019-02-07,2308053102400,659007449400,11546344211100
2019-02-08,2308052412300,659007449400,11546344201100
2019-02-11,2358046589300,739006769800,11546344201100
2019-02-12,2373045993700,800011601800,11546344201100
2019-02-13,2373040280800,800006618900,11546344201000
2019-02-14,2367043052800,710007833700,11546344201000
2019-02-15,2367037238600,710007818500,11552919991800
2019-02-19,2382032538400,801004187200,11552919990200
2019-02-20,2382029017100,801000669900,11552919883600
2019-02-21,2379037892100,713994680000,11552919883600
2019-02-22,2379032455700,713994624600,11552919883600
2019-02-25,2379031128600,748995306800,11552919883600
2019-02-26,2389039598700,828992336300,11552919883600
2019-02-27,2389039294200,828992031800,11552919883300
2019-02-28,2396041527900,722988261100,11577250439600
2019-03-01,2369040768900,672987967100,11577250437100
2019-03-04,2369039420900,707987942700,11577249911100
2019-03-05,2384041205800,768989322200,11577249911100
2019-03-06,2384039626500,768988717900,11577249871100
2019-03-07,2420031443500,687988144500,11577249871100
2019-03-08,2420031363500,687988144500,11577249871100
2019-03-11,2420031125700,722985033400,11577249871100
2019-03-12,2435032160500,806995178200,11577249871100
2019-03-13,2435028916200,806991934400,11577249868100
2019-03-14,2441029030700,725988072900,11577249868100
2019-03-15,2441028797300,725988054500,11631249190400
2019-03-18,2441028627300,760987208400,11631249140400
2019-03-19,2456036511400,848997885900,11631249034900
2019-03-20,2456036132900,848997538400,11631249034900
2019-03-21,2462034845900,767995813500,11631249013900
2019-03-22,2462034575900,767995813500,11631249012900
2019-03-25,2462032755900,803001681400,11631249012900
2019-03-26,2472029803000,885006522400,11631249012900
2019-03-27,2472029398900,885006293900,11631249012900
2019-03-28,2480034860800,780010649800,11631249012900
2019-03-29,2480034773800,780010649800,11631249012900
2019-04-01,2480033215300,815015035100,11650412041500
2019-04-02,2470031500600,851018031700,11650411986500
2019-04-03,2470030142000,851017293100,11650411936500
2019-04-04,2473028440800,770011105200,11650411926500
2019-04-05,2473026095800,770011105200,11650411874500
2019-04-08,2473025430700,805010490600,11650411874500
2019-04-09,2463022620000,844009545100,11650411874500
2019-04-10,2463020796500,844008086700,11650411900500
2019-04-11,2437006834900,739997478700,11650411900500
2019-04-12,2437006353000,739997478700,11650411900500
2019-04-15,2437000020800,774996929200,11704254795300
2019-04-16,2427004959800,814000044500,11704254775000
2019-04-17,2426999806100,813994890800,11704254799600
2019-04-18,2397002199200,705991548300,11704254771600
2019-04-19,2397001928600,705991548300,11704254771600
2019-04-22,2397001346100,740993051800,11704254771600
2019-04-23,2387004256000,802998144500,11704254771600
2019-04-24,2387003371400,802997329900,11704254771600
2019-04-25,2384000158700,695985652800,11704254741600
2019-04-26,2383999161000,695985652800,11704254741600
2019-04-29,2383998689500,730984637800,11704254741600
2019-04-30,2383992706100,779979490300,11724369831900
2019-05-01,2383991287900,779978492100,11724369729600
2019-05-02,2377973625500,698971739700,11724369249600
2019-05-03,2377971609500,698971739700,11724369249600
2019-05-06,2377970948500,733968586200,11724369249600
2019-05-07,2397986066600,782986663800,11724369249600
2019-05-08,2397982823300,782983652000,11724369249600
2019-05-09,2388985689400,698982070600,11724369249600
2019-05-10,2388980507400,698982070600,11724369249600
2019-05-13,2388979721900,733980981600,11724369249600
2019-05-14,2388986795800,802986936100,11724369249600
2019-05-15,2388986175800,802986316100,11743145933100
2019-05-16,2379966229800,718982544800,11743145931900
2019-05-17,2379964792300,718982544800,11743145826500
2019-05-20,2379962401300,753982437100,11743145826500
2019-05-21,2379957202500,828988426600,11743145826500
2019-05-22,2379956277100,828988101200,11743145825500
2019-05-23,2370951366900,721983004300,11743120825500
2019-05-24,2370949843400,721983004300,11743120825500
2019-05-28,2365959259100,800999416000,11743120825500
2019-05-29,2365957651100,800997823000,11743120825500
2019-05-30,2353945843300,716995544500,11743120825500
2019-05-31,2353945820900,716995544500,11774845744700
2019-06-03,2353940003100,751994273300,11774845744600
2019-06-04,2343948057300,707001725100,11774845219500
2019-06-05,2343946811300,787999545700,11774845219500
2019-06-06,2331951745800,703996357900,11774845219500
2019-06-07,2331951644800,703996357900,11774845217500
2019-06-10,2331951098300,738999875500,11774845217500
2019-06-11,2321968123800,771999038800,11774845217500
2019-06-12,2321967185400,771998210400,11774845177500
2019-06-13,2289965771700,667993063500,11774845167500
2019-06-14,2289965043700,667993063500,11774845167500
2019-06-17,2289963618700,702992713300,11828845253700
2019-06-18,2279969740100,762007679400,11828844993400
2019-06-19,2279967668500,762005607900,11828844929400
2019-06-20,2267950351900,651990979600,11828844929400
2019-06-21,2267945081100,651990979600,11828844884400
2019-06-24,2267944095600,686990938400,11828844884400
2019-06-25,2262944019300,727995671000,11828844884400
2019-06-26,2262943897100,727995548900,11828869884800
2019-06-27,2250937328200,643988724300,11828869874800
2019-06-28,2250933448100,643988724300,11828869874800
2019-07-01,2250931982100,678989116700,11854873958800
2019-07-02,2250934279900,721991533300,11854873945700
2019-07-03,2250932327700,721989581100,11854873574200
2019-07-05,2241930452600,640986893900,11854873474200
2019-07-08,2241930442600,675990357400,11854873464200
2019-07-09,2241925811500,718982465400,11854873464200
2019-07-10,2241925125800,718981809700,11854873464200
2019-07-11,2235937825200,640994150200,11854873464200
2019-07-12,2235935925200,640994150200,11854873464200
2019-07-15,2235935742300,675994387400,11907969540800
2019-07-16,2230941863100,739988892800,11907969540500
2019-07-17,2230941071200,739988150900,11907969536400
2019-07-18,2224916228200,635978132500,11907969436400
2019-07-19,2224915859700,635978132500,11907969436400
2019-07-22,2224913644700,670980065800,11907969436400
2019-07-23,2219911681600,705980660200,11907969436400
2019-07-24,2219910854400,705979833000,11907969436400
2019-07-25,2210905492900,624972247200,11907969436400
2019-07-26,2210904167700,624972247200,11907969426400
2019-07-29,2210903006700,659972665700,11907969426400
2019-07-30,2205896811500,694963068900,11907969426400
2019-07-31,2205896431000,694962719900,11932810443800
2019-08-01,2199894164100,616960643400,11932809943800
2019-08-02,2234891936400,616960597400,11932807233800
2019-08-05,2234891160400,651960606600,11932807233800
2019-08-06,2229892622300,686952689700,11932807233800
2019-08-07,2229888283200,686948601700,11932807233800
2019-08-08,2229889827600,608950442100,11932807233800
2019-08-09,2229888806300,608950442100,11932807221800
2019-08-12,2229887406200,643947151000,11932807221800
2019-08-13,2249890566200,724950911600,11932807221800
2019-08-14,2249887179800,724947560200,11932807221800
2019-08-15,2257901008400,620957934500,11959469328400
2019-08-16,2257900088300,620957934500,11959469325300
2019-08-19,2257899269800,690959635000,11959469054300
2019-08-20,2282909159900,750966975800,11959469054300
2019-08-21,2282908218400,750966304300,11959469054300
2019-08-22,2294903834600,675959472100,11959469052300
2019-08-23,2294899794500,675959472100,11959469052300
2019-08-26,2294899394400,710956487900,11959469052300
2019-08-27,2319906081700,770962867000,11959469052300
2019-08-28,2319905712000,770962597300,11959469037300
2019-08-29,2331914719900,695966453600,11959469037300
2019-08-30,2331914716200,695966453600,11959469037300
2019-09-03,2356923253200,790979189100,11996327220200
2019-09-04,2356922988300,790979084200,11996327219000
2019-09-05,2368922581000,715980173000,11996327178900
2019-09-06,2368922581000,715980173000,11996327178900
2019-09-09,2368921506000,755981181800,11996327178900
2019-09-10,2378923629800,823976262800,11996327178900
2019-09-11,2378922916700,823976059700,11996327178900
2019-09-12,2392923058000,722974150200,11996327173900
2019-09-13,2392922984000,722974150200,11996327173900
2019-09-16,2357922383000,727970891500,12050325814500
2019-09-17,2357961669800,759978281100,12050324964400
2019-09-18,2357959528700,759976140000,12050324954400
2019-09-19,2369953768400,684970693700,12050324954400
2019-09-20,2369953653100,684970593700,12050324954400
2019-09-23,2369952307100,724965571300,12050324954400
2019-09-24,2364953011400,751965483300,12050324954400
2019-09-25,2364950932000,751963404000,12050324954400
2019-09-26,2376962617800,676968019400,12050324954400
2019-09-27,2376957512800,676968019400,12050324954400
2019-09-30,2376957512800,716966174200,12081828421700
2019-10-01,2371963130900,743972615600,12081828187500
2019-10-02,2371962955600,743972440300,12081827927500
2019-10-03,2383946652400,668969134300,12081827739500
2019-10-04,2383946649300,668969134300,12081827739500
2019-10-07,2383946092300,708968987300,12081827739500
2019-10-08,2374046727900,760019972000,12081827739500
2019-10-09,2374045665300,760019020600,12081827739500
2019-10-10,2391047159200,662024003400,12081827734500
2019-10-11,2391046937100,662024003400,12081827723500
2019-10-15,2391073533900,740040064000,12135825320700
2019-10-16,2391072881800,740039431900,12135825290600
2019-10-17,2406072507700,668049004300,12135825290600
2019-10-18,2406072440700,668049004300,12135825290600
2019-10-21,2406070300700,708049621700,12135825290600
2019-10-22,2416082506900,759057816100,12135825290600
2019-10-23,2416082429000,759057738900,12135825290600
2019-10-24,2431080693700,687056984200,12135825285600
2019-10-25,2431080673700,687056984200,12135825285600
2019-10-28,2431080283700,727057507500,12135825285600
2019-10-29,2441077116200,697054072700,12135825285600
2019-10-30,2441076409100,778052309600,12135825270600
2019-10-31,2456074961400,706049181000,12169989748100
2019-11-01,2456074961400,706049181000,12169989716100
2019-11-04,2456074717400,746096811800,12169989613600
2019-11-05,2466079750400,823083526900,12169989613600
2019-11-06,2466077015800,823080792300,12169989613600
2019-11-07,2480076463500,722078340600,12169989609600
2019-11-08,2480076451500,722078328600,12169989604600
2019-11-12,2485074674000,808083136600,12169989604600
2019-11-13,2485072066900,808080800500,12169989604600
2019-11-14,2496100216200,730094124900,12169989594600
2019-11-15,2496089866200,730094124900,12193467306700
2019-11-18,2496088730700,770094378100,12193467285700
2019-11-19,2496093075900,811097728800,12193467085700
2019-11-20,2496092907200,811097560100,12193466920700
2019-11-21,2502099418600,730101075200,12193466916700
2019-11-22,2502099398400,730101075200,12193466916700
2019-11-25,2502096076900,770101255100,12193466916700
2019-11-26,2512126285100,821117658600,12193466916700
2019-11-27,2512125643900,821117024900,12193466916700
2019-11-29,2515127663800,740115130700,12193466916700
2019-12-02,2515127363800,780137053900,12224027880500
2019-12-03,2501093100100,837651619700,12224027779800
2019-12-04,2501092626700,837651147500,12224027494800
2019-12-05,2498093087700,730646588600,12224027494800
2019-12-06,2498092227200,730646588600,12224027494800
2019-12-09,2498091407200,770658838500,12224027494800
2019-12-10,2478244075800,796721789200,12224027494800
2019-12-11,2478242454100,796720807000,12224027459800
2019-12-12,2460241492500,700719134700,12224027459800
2019-12-13,2460241164300,700719134700,12224027456800
2019-12-16,2460239669300,740718970000,12278026687500
2019-12-17,2448343969100,771029500600,12278026687500
2019-12-18,2448343835300,771029391800,12278026687400
2019-12-19,2445417142300,690026734000,12278026580400
2019-12-20,2445416736300,690026734000,12278026580400
2019-12-23,2445415601300,730036454800,12278026580400
2019-12-24,2429414252500,758032861500,12278026580400
2019-12-26,2427860398500,677036396900,12278026580400
2019-12-27,2427859402200,677035450600,12278026577400
2019-12-30,2427850302200,712486647400,12278026577400
2019-12-31,2416863808000,771187106500,12308267514800
2020-01-02,2413870502600,664188050600,12308267514800
2020-01-03,2413869742800,664187395900,12308267514800
2020-01-06,2413868462800,699274978200,12308267514800
2020-01-07,2404023961600,738294775400,12308267514800
2020-01-08,2404022947700,738293761500,12308267514800
2020-01-09,2402197707400,657294065300,12308267509800
2020-01-10,2402197557300,657294065300,12308267509800
2020-01-13,2402197309100,696076686800,12308267509800
2020-01-14,2392201924300,736959266600,12308267509800
2020-01-15,2392200809000,736958163800,12363435852200
2020-01-16,2394720448200,655967369400,12363435852000
2020-01-17,2394720224900,655967369400,12363435529300
2020-01-21,2390967352400,739588066200,12363435529300
2020-01-22,2390966965200,739587762100,12363435529300
2020-01-23,2389477199800,658589998600,12363435529300
2020-01-24,2389477139700,658589998600,12363435477300
2020-01-27,2389476508800,695897384500,12363435477300
2020-01-28,2399775734300,777666119700,12363435477300
2020-01-29,2399775254600,777665641000,12363435477300
2020-01-30,2404290410900,670669043600,12363435477300
2020-01-31,2404290350900,670669043600,12394284478200
2020-02-03,2404289238300,705802927600,12394284476400
2020-02-04,2425229782600,765168577100,12394282667300
2020-02-05,2425228313600,765167108100,12394282667300
2020-02-06,2426445316700,681163594500,12394282667300
2020-02-07,2426442549500,681163580500,12394282667300
2020-02-10,2426442275100,718323750300,12394282667300
2020-02-11,2452270852500,779946126700,12394282667300
2020-02-12,2452270552200,779945826700,12394282667300
2020-02-13,2480646801100,691906799100,12394282662300
2020-02-14,2480646601100,691906799100,12394282662300
2020-02-18,2506309980300,791208672900,12407797114400
2020-02-19,2506309947100,791208639700,12407797113500
2020-02-20,2544617150700,744202729800,12407797061200
2020-02-21,2544616746700,744202729800,12407796761200
2020-02-24,2544616651700,785729888500,12407796761200
2020-02-25,2565252910800,870027166400,12407796761200
2020-02-26,2565252510100,870026776300,12407796761200
2020-02-27,2564583778300,757023983500,12407796761200
2020-02-28,2564582685200,757023983500,12407796761200
2020-03-02,2564581990100,802603605400,12439051415900
2020-03-03,2579898214600,856425682500,12439051412500
2020-03-04,2579895038100,856423456000,12439051108500
2020-03-05,2584902068900,772417578900,12439051108500
2020-03-06,2584901943700,772417578900,12439051108500
2020-03-09,2584898793700,820624123600,12439051108500
2020-03-10,2595193781900,897696991700,12439051108500
2020-03-11,2595192213200,897696228100,12439051108500
2020-03-12,2552533675800,773689770900,12439051108500
2020-03-13,2552533575800,773689770900,12439051108500
2020-03-16,2552532799300,820722866600,12493126337300
2020-03-17,2559205402600,871884532500,12493125614200
2020-03-18,2559205267300,871884397300,12493125614000
2020-03-19,2555834690200,787842269800,12493125614000
2020-03-20,2555834530200,787842159800,12493125614000
2020-03-23,2555834002700,834959922400,12493125614000
2020-03-24,2576840145800,904608198400,12493125614000
2020-03-25,2576839118700,904607171400,12493125614000
2020-03-26,2580950014800,793825945400,12493125614000
2020-03-27,2580947466800,793825945400,12493125614000
2020-03-30,2580947191600,839311820100,12493125614000
2020-03-31,2657438933700,892241164800,12522034309100
2020-04-01,2702439327100,892241134200,12522034181700
2020-04-02,2815427355500,808247865400,12522032780700
2020-04-03,2900428075400,808247865400,12522032780700
2020-04-06,2900411275400,856099898600,12522032780700
2020-04-07,2985860167700,986280167400,12522032779700
2020-04-08,3090860648600,986280167300,12522032776700
2020-04-09,3209205388200,871649137700,12522032772700
2020-04-10,3209205388200,871649137700,12522032772700
2020-04-13,3209205138200,959124771400,12522032772700
2020-04-14,3316064935100,1102189946800,12522032772700
2020-04-15,3416065102600,1102189546800,12580105794600
2020-04-16,3498338711500,1015225025900,12580105794500
2020-04-17,3498338711500,1015225025900,12580105777200
