Record Date,Debt Held by the Public,Intragovernmental Holdings,Total Public Debt Outstanding
11/10/21,2.26759E+13,6.23287E+12,2.89088E+13
11/9/21,2.26584E+13,6.25039E+12,2.89088E+13
11/8/21,2.26661E+13,6.24265E+12,2.89088E+13
11/5/21,2.2671E+13,6.23782E+12,2.89088E+13
11/4/21,2.26718E+13,6.23705E+12,2.89088E+13
11/3/21,2.2675E+13,6.23371E+12,2.89087E+13
11/2/21,2.266E+13,6.24877E+12,2.89088E+13
11/1/21,2.26799E+13,6.2288E+12,2.89088E+13
10/29/21,2.26371E+13,6.27168E+12,2.89088E+13
10/28/21,2.26309E+13,6.27783E+12,2.89088E+13
10/27/21,2.26252E+13,6.28354E+12,2.89088E+13
10/26/21,2.26101E+13,6.29865E+12,2.89088E+13
10/25/21,2.25897E+13,6.31904E+12,2.89088E+13
10/22/21,2.25883E+13,6.32049E+12,2.89088E+13
10/21/21,2.25275E+13,6.35372E+12,2.88812E+13
10/20/21,2.24814E+13,6.34747E+12,2.88289E+13
10/19/21,2.24808E+13,6.36168E+12,2.88425E+13
10/18/21,2.24747E+13,6.34661E+12,2.88213E+13
10/15/21,2.2413E+13,6.34108E+12,2.87541E+13
10/14/21,2.23958E+13,6.33234E+12,2.87282E+13
10/13/21,2.21518E+13,6.27702E+12,2.84288E+13
10/12/21,2.21434E+13,6.28547E+12,2.84289E+13
10/8/21,2.21501E+13,6.2788E+12,2.84289E+13
10/7/21,2.21537E+13,6.27522E+12,2.84289E+13
10/6/21,2.21578E+13,6.2711E+12,2.84289E+13
10/5/21,2.2157E+13,6.27185E+12,2.84289E+13
10/4/21,2.21796E+13,6.24925E+12,2.84289E+13
10/1/21,2.2199E+13,6.2299E+12,2.84289E+13
9/30/21,2.22829E+13,6.14602E+12,2.84289E+13
9/29/21,2.22705E+13,6.1566E+12,2.84271E+13
9/28/21,2.22641E+13,6.16302E+12,2.84271E+13
9/27/21,2.22563E+13,6.17079E+12,2.84271E+13
9/24/21,2.22586E+13,6.1686E+12,2.84272E+13
9/23/21,2.22688E+13,6.15841E+12,2.84272E+13
9/22/21,2.22723E+13,6.15492E+12,2.84272E+13
9/21/21,2.22614E+13,6.1658E+12,2.84272E+13
9/20/21,2.22728E+13,6.15436E+12,2.84272E+13
9/17/21,2.22783E+13,6.14896E+12,2.84272E+13
9/16/21,2.22842E+13,6.14304E+12,2.84272E+13
9/15/21,2.22941E+13,6.13318E+12,2.84272E+13
9/14/21,2.22829E+13,6.14432E+12,2.84272E+13
9/13/21,2.22897E+13,6.13757E+12,2.84272E+13
9/10/21,2.22933E+13,6.13398E+12,2.84273E+13
9/9/21,2.2295E+13,6.13224E+12,2.84273E+13
9/8/21,2.22934E+13,6.13388E+12,2.84273E+13
9/7/21,2.22827E+13,6.14458E+12,2.84273E+13
9/3/21,2.22903E+13,6.13702E+12,2.84273E+13
9/2/21,2.22823E+13,6.14506E+12,2.84273E+13
9/1/21,2.22927E+13,6.13465E+12,2.84273E+13
8/31/21,2.22545E+13,6.17277E+12,2.84273E+13
8/30/21,2.22469E+13,6.18062E+12,2.84275E+13
8/27/21,2.22437E+13,6.1839E+12,2.84276E+13
8/26/21,2.22411E+13,6.18647E+12,2.84276E+13
8/25/21,2.2249E+13,6.17862E+12,2.84276E+13
8/24/21,2.2238E+13,6.18961E+12,2.84276E+13
8/23/21,2.22516E+13,6.17601E+12,2.84276E+13
8/20/21,2.22564E+13,6.17119E+12,2.84276E+13
8/19/21,2.2259E+13,6.16862E+12,2.84276E+13
8/18/21,2.22655E+13,6.1621E+12,2.84276E+13
8/17/21,2.22504E+13,6.17722E+12,2.84276E+13
8/16/21,2.22645E+13,6.16311E+12,2.84276E+13
8/13/21,2.22753E+13,6.15239E+12,2.84277E+13
8/12/21,2.22752E+13,6.15246E+12,2.84277E+13
8/11/21,2.22791E+13,6.14851E+12,2.84276E+13
8/10/21,2.22617E+13,6.16595E+12,2.84276E+13
8/9/21,2.22708E+13,6.15682E+12,2.84277E+13
8/6/21,2.22786E+13,6.14913E+12,2.84277E+13
8/5/21,2.22775E+13,6.15023E+12,2.84277E+13
8/4/21,2.22805E+13,6.14716E+12,2.84277E+13
8/3/21,2.22814E+13,6.14628E+12,2.84277E+13
8/2/21,2.22933E+13,6.13442E+12,2.84277E+13
7/30/21,2.22846E+13,6.14309E+12,2.84277E+13
7/29/21,2.2267E+13,6.1931E+12,2.84601E+13
7/28/21,2.22891E+13,6.1945E+12,2.84836E+13
7/27/21,2.22897E+13,6.19819E+12,2.84879E+13
7/26/21,2.22998E+13,6.18853E+12,2.84883E+13
7/23/21,2.22995E+13,6.17541E+12,2.84749E+13
7/22/21,2.22962E+13,6.17512E+12,2.84713E+13
7/21/21,2.23032E+13,6.17093E+12,2.84742E+13
7/20/21,2.2304E+13,6.18927E+12,2.84933E+13
7/19/21,2.23442E+13,6.18901E+12,2.85332E+13
7/16/21,2.23443E+13,6.17871E+12,2.8523E+13
7/15/21,2.23454E+13,6.17676E+12,2.85221E+13
7/14/21,2.22908E+13,6.17038E+12,2.84612E+13
7/13/21,2.22897E+13,6.18741E+12,2.84771E+13
7/12/21,2.23147E+13,6.17552E+12,2.84902E+13
7/9/21,2.2315E+13,6.17047E+12,2.84855E+13
7/8/21,2.23148E+13,6.16538E+12,2.84802E+13
7/7/21,2.23068E+13,6.1657E+12,2.84725E+13
7/6/21,2.23066E+13,6.15896E+12,2.84656E+13
7/2/21,2.23281E+13,6.15249E+12,2.84806E+13
7/1/21,2.23278E+13,6.15872E+12,2.84865E+13
6/30/21,2.23298E+13,6.19961E+12,2.85294E+13
6/29/21,2.21827E+13,6.14964E+12,2.83323E+13
6/28/21,2.22068E+13,6.14446E+12,2.83512E+13
6/25/21,2.22057E+13,6.13161E+12,2.83373E+13
6/24/21,2.21878E+13,6.13415E+12,2.83219E+13
6/23/21,2.21834E+13,6.12152E+12,2.83049E+13
6/22/21,2.21806E+13,6.13805E+12,2.83187E+13
6/21/21,2.21752E+13,6.12855E+12,2.83037E+13
6/18/21,2.21741E+13,6.12184E+12,2.8296E+13
6/17/21,2.21739E+13,6.12199E+12,2.82959E+13
6/16/21,2.22001E+13,6.11095E+12,2.83111E+13
6/15/21,2.21996E+13,6.1221E+12,2.83217E+13
6/14/21,2.20987E+13,6.10826E+12,2.8207E+13
6/11/21,2.20975E+13,6.1017E+12,2.81992E+13
6/10/21,2.20973E+13,6.10159E+12,2.81989E+13
6/9/21,2.21202E+13,6.09765E+12,2.82178E+13
6/8/21,2.21193E+13,6.11425E+12,2.82335E+13
6/7/21,2.21136E+13,6.15071E+12,2.82643E+13
6/4/21,2.21125E+13,6.14572E+12,2.82582E+13
6/3/21,2.21116E+13,6.13039E+12,2.82419E+13
6/2/21,2.2135E+13,6.14184E+12,2.82769E+13
6/1/21,2.2134E+13,6.12793E+12,2.82619E+13
5/28/21,2.20209E+13,6.17807E+12,2.8199E+13
5/27/21,2.19837E+13,6.17995E+12,2.81636E+13
5/26/21,2.20059E+13,6.18184E+12,2.81877E+13
5/25/21,2.20053E+13,6.19935E+12,2.82047E+13
5/24/21,2.20245E+13,6.18912E+12,2.82136E+13
5/21/21,2.20232E+13,6.18027E+12,2.82035E+13
5/20/21,2.20234E+13,6.17841E+12,2.82018E+13
5/19/21,2.20434E+13,6.1739E+12,2.82173E+13
5/18/21,2.20427E+13,6.18919E+12,2.82319E+13
5/17/21,2.20611E+13,6.17251E+12,2.82336E+13
5/14/21,2.19835E+13,6.15633E+12,2.81398E+13
5/13/21,2.19833E+13,6.15506E+12,2.81384E+13
5/12/21,2.20053E+13,6.15184E+12,2.81572E+13
5/11/21,2.20047E+13,6.16828E+12,2.81729E+13
5/10/21,2.20193E+13,6.16141E+12,2.81807E+13
5/7/21,2.20183E+13,6.15658E+12,2.81748E+13
5/6/21,2.20191E+13,6.15719E+12,2.81763E+13
5/5/21,2.20434E+13,6.13447E+12,2.81779E+13
5/4/21,2.2043E+13,6.13241E+12,2.81754E+13
5/3/21,2.20576E+13,6.1048E+12,2.81624E+13
4/30/21,2.20561E+13,6.11866E+12,2.81747E+13
4/29/21,2.19257E+13,6.16451E+12,2.80902E+13
4/28/21,2.19432E+13,6.16876E+12,2.8112E+13
4/27/21,2.19427E+13,6.18959E+12,2.81323E+13
4/26/21,2.1957E+13,6.186E+12,2.8143E+13
4/23/21,2.19575E+13,6.17668E+12,2.81342E+13
4/22/21,2.19571E+13,6.17183E+12,2.8129E+13
4/21/21,2.19852E+13,6.16979E+12,2.8155E+13
4/20/21,2.19853E+13,6.18517E+12,2.81704E+13
4/19/21,2.19998E+13,6.1678E+12,2.81676E+13
4/16/21,2.19988E+13,6.15677E+12,2.81555E+13
4/15/21,2.19987E+13,6.14628E+12,2.8145E+13
4/14/21,2.19529E+13,6.13073E+12,2.80836E+13
4/13/21,2.19524E+13,6.14522E+12,2.80976E+13
4/12/21,2.19564E+13,6.13527E+12,2.80916E+13
4/9/21,2.19555E+13,6.12748E+12,2.8083E+13
4/8/21,2.19557E+13,6.12586E+12,2.80815E+13
4/7/21,2.19692E+13,6.11994E+12,2.80891E+13
4/6/21,2.19671E+13,6.11853E+12,2.80856E+13
4/5/21,2.19718E+13,6.10977E+12,2.80816E+13
4/2/21,2.19714E+13,6.10236E+12,2.80737E+13
4/1/21,2.19713E+13,6.10987E+12,2.80811E+13
3/31/21,2.19869E+13,6.14563E+12,2.81326E+13
3/30/21,2.18386E+13,6.15061E+12,2.79892E+13
3/29/21,2.18429E+13,6.14796E+12,2.79908E+13
3/26/21,2.18422E+13,6.14535E+12,2.79875E+13
3/25/21,2.18161E+13,6.14705E+12,2.79631E+13
3/24/21,2.18405E+13,6.13929E+12,2.79797E+13
3/23/21,2.18395E+13,6.1569E+12,2.79964E+13
3/22/21,2.18432E+13,6.12658E+12,2.79698E+13
3/19/21,2.18429E+13,6.1228E+12,2.79657E+13
3/18/21,2.1843E+13,6.12375E+12,2.79668E+13
3/17/21,2.18604E+13,6.11449E+12,2.79749E+13
3/16/21,2.18597E+13,6.12392E+12,2.79836E+13
3/15/21,2.18848E+13,6.11723E+12,2.8002E+13
3/12/21,2.17862E+13,6.11417E+12,2.79004E+13
3/11/21,2.17865E+13,6.11387E+12,2.79004E+13
3/10/21,2.18162E+13,6.11044E+12,2.79266E+13
3/9/21,2.18165E+13,6.12827E+12,2.79448E+13
3/8/21,2.18408E+13,6.11936E+12,2.79602E+13
3/5/21,2.18394E+13,6.11505E+12,2.79545E+13
3/4/21,2.18397E+13,6.11532E+12,2.7955E+13
3/3/21,2.1868E+13,6.11144E+12,2.79795E+13
3/2/21,2.18671E+13,6.12558E+12,2.79927E+13
3/1/21,2.18927E+13,6.1117E+12,2.80044E+13
2/26/21,2.17557E+13,6.14663E+12,2.79024E+13
2/25/21,2.17207E+13,6.15246E+12,2.78731E+13
2/24/21,2.17606E+13,6.15846E+12,2.7919E+13
2/23/21,2.17602E+13,6.12545E+12,2.78857E+13
2/22/21,2.1815E+13,6.11562E+12,2.79306E+13
2/19/21,2.18152E+13,6.10809E+12,2.79233E+13
2/18/21,2.18152E+13,6.10681E+12,2.7922E+13
2/17/21,2.18136E+13,6.10664E+12,2.79202E+13
2/16/21,2.18121E+13,6.10845E+12,2.79205E+13
2/12/21,2.17501E+13,6.1012E+12,2.78513E+13
2/11/21,2.17502E+13,6.09725E+12,2.78475E+13
2/10/21,2.17499E+13,6.09677E+12,2.78466E+13
2/9/21,2.17501E+13,6.11508E+12,2.78651E+13
2/8/21,2.1749E+13,6.10709E+12,2.78561E+13
2/5/21,2.17494E+13,6.10337E+12,2.78528E+13
2/4/21,2.17498E+13,6.10525E+12,2.78551E+13
2/3/21,2.17492E+13,6.10185E+12,2.78511E+13
2/2/21,2.17498E+13,6.11546E+12,2.78652E+13
2/1/21,2.17492E+13,6.07997E+12,2.78292E+13
1/29/21,2.16439E+13,6.14064E+12,2.77846E+13
1/28/21,2.16291E+13,6.13083E+12,2.77599E+13
1/27/21,2.1637E+13,6.13147E+12,2.77685E+13
1/26/21,2.16373E+13,6.14449E+12,2.77817E+13
1/25/21,2.16372E+13,6.13512E+12,2.77724E+13
1/22/21,2.16374E+13,6.12221E+12,2.77596E+13
1/21/21,2.16377E+13,6.11867E+12,2.77563E+13
1/20/21,2.16368E+13,6.11507E+12,2.77519E+13
1/19/21,2.16364E+13,6.11646E+12,2.77528E+13
1/15/21,2.16365E+13,6.11029E+12,2.77468E+13
1/14/21,2.15787E+13,6.10348E+12,2.76822E+13
1/13/21,2.15787E+13,6.10072E+12,2.76794E+13
1/12/21,2.15789E+13,6.11787E+12,2.76968E+13
1/11/21,2.15782E+13,6.11008E+12,2.76882E+13
1/8/21,2.15784E+13,6.10461E+12,2.7683E+13
1/7/21,2.15788E+13,6.10449E+12,2.76833E+13
1/6/21,2.15957E+13,6.10327E+12,2.7699E+13
1/5/21,2.1594E+13,6.10416E+12,2.76982E+13
1/4/21,2.15933E+13,6.08495E+12,2.76783E+13
12/31/20,2.16324E+13,6.11538E+12,2.77478E+13
12/30/20,2.14685E+13,6.09204E+12,2.75605E+13
12/29/20,2.14685E+13,6.08237E+12,2.75508E+13
12/28/20,2.14689E+13,6.07361E+12,2.75425E+13
12/24/20,2.1445E+13,6.07048E+12,2.75155E+13
12/23/20,2.14482E+13,6.06857E+12,2.75167E+13
12/22/20,2.14478E+13,6.07449E+12,2.75223E+13
12/21/20,2.14476E+13,6.06529E+12,2.75129E+13
12/18/20,2.14465E+13,6.04494E+12,2.74915E+13
12/17/20,2.14465E+13,6.06043E+12,2.75069E+13
12/16/20,2.14479E+13,6.05262E+12,2.75005E+13
12/15/20,2.1448E+13,6.06472E+12,2.75128E+13
12/14/20,2.13509E+13,6.03972E+12,2.73907E+13
12/11/20,2.13511E+13,6.03429E+12,2.73854E+13
12/10/20,2.13514E+13,6.03441E+12,2.73858E+13
12/9/20,2.13542E+13,6.0509E+12,2.74051E+13
12/8/20,2.13544E+13,6.06835E+12,2.74228E+13
12/7/20,2.13547E+13,6.06004E+12,2.74147E+13
12/4/20,2.13557E+13,6.05842E+12,2.74141E+13
12/3/20,2.13563E+13,6.05783E+12,2.74141E+13
12/2/20,2.13419E+13,6.07039E+12,2.74123E+13
12/1/20,2.13422E+13,6.06388E+12,2.74061E+13
11/30/20,2.13495E+13,6.09682E+12,2.74463E+13
11/27/20,2.12186E+13,6.057E+12,2.72756E+13
11/25/20,2.11976E+13,6.05655E+12,2.72542E+13
11/24/20,2.11983E+13,6.07173E+12,2.727E+13
11/23/20,2.1208E+13,6.0464E+12,2.72544E+13
11/20/20,2.12078E+13,6.03934E+12,2.72472E+13
11/19/20,2.12078E+13,6.04022E+12,2.72481E+13
11/18/20,2.12097E+13,6.0369E+12,2.72466E+13
11/17/20,2.12092E+13,6.05276E+12,2.7262E+13
11/16/20,2.12177E+13,6.04004E+12,2.72577E+13
11/13/20,2.11572E+13,6.03457E+12,2.71918E+13
11/12/20,2.11572E+13,6.03301E+12,2.71902E+13
11/10/20,2.11631E+13,6.03459E+12,2.71977E+13
11/9/20,2.11737E+13,6.04621E+12,2.72199E+13
11/6/20,2.11721E+13,6.04236E+12,2.72145E+13
11/5/20,2.11725E+13,6.04449E+12,2.7217E+13
11/4/20,2.1159E+13,6.03801E+12,2.7197E+13
11/3/20,2.11585E+13,6.03807E+12,2.71966E+13
11/2/20,2.11662E+13,6.03714E+12,2.72034E+13
10/30/20,2.1097E+13,6.03852E+12,2.71355E+13
10/29/20,2.10798E+13,6.08972E+12,2.71695E+13
10/28/20,2.10762E+13,6.0912E+12,2.71674E+13
10/27/20,2.10743E+13,6.10153E+12,2.71759E+13
10/26/20,2.10831E+13,6.09687E+12,2.718E+13
10/23/20,2.1084E+13,6.07949E+12,2.71635E+13
10/22/20,2.10844E+13,6.06646E+12,2.71508E+13
10/21/20,2.10905E+13,6.05031E+12,2.71408E+13
10/20/20,2.10893E+13,6.06605E+12,2.71553E+13
10/19/20,2.1098E+13,6.05973E+12,2.71577E+13
10/16/20,2.10976E+13,6.05072E+12,2.71483E+13
10/15/20,2.10974E+13,6.04626E+12,2.71437E+13
10/14/20,2.1018E+13,6.03991E+12,2.70579E+13
10/13/20,2.10169E+13,6.0502E+12,2.70671E+13
10/9/20,2.1025E+13,6.04763E+12,2.70727E+13
10/8/20,2.10254E+13,6.04768E+12,2.70731E+13
10/7/20,2.10105E+13,6.04253E+12,2.7053E+13
10/6/20,2.10084E+13,6.04381E+12,2.70522E+13
10/5/20,2.10164E+13,6.03473E+12,2.70511E+13
10/2/20,2.10154E+13,6.02931E+12,2.70447E+13
10/1/20,2.10153E+13,6.0116E+12,2.70269E+13
9/30/20,2.1019E+13,5.92644E+12,2.69454E+13
9/29/20,2.09037E+13,5.88669E+12,2.67904E+13
9/28/20,2.0913E+13,5.89845E+12,2.68114E+13
9/25/20,2.09136E+13,5.89728E+12,2.68109E+13
9/24/20,2.08911E+13,5.89502E+12,2.67861E+13
9/23/20,2.08905E+13,5.88734E+12,2.67778E+13
9/22/20,2.08904E+13,5.90058E+12,2.6791E+13
9/21/20,2.09035E+13,5.89115E+12,2.67947E+13
9/18/20,2.09031E+13,5.88726E+12,2.67904E+13
9/17/20,2.09027E+13,5.88771E+12,2.67904E+13
9/16/20,2.09011E+13,5.88047E+12,2.67815E+13
9/15/20,2.08992E+13,5.89132E+12,2.67905E+13
9/14/20,2.08353E+13,5.87975E+12,2.67151E+13
9/11/20,2.08345E+13,5.87639E+12,2.67109E+13
9/10/20,2.0834E+13,5.87556E+12,2.67095E+13
9/9/20,2.08182E+13,5.87899E+12,2.66972E+13
9/8/20,2.0814E+13,5.88534E+12,2.66994E+13
9/4/20,2.08435E+13,5.87981E+12,2.67233E+13
9/3/20,2.08426E+13,5.88003E+12,2.67227E+13
9/2/20,2.08329E+13,5.87858E+12,2.67115E+13
9/1/20,2.08318E+13,5.87112E+12,2.6703E+13
8/31/20,2.0822E+13,5.9068E+12,2.67288E+13
8/28/20,2.07284E+13,5.90851E+12,2.66369E+13
8/27/20,2.0706E+13,5.90961E+12,2.66157E+13
8/26/20,2.06992E+13,5.90981E+12,2.6609E+13
8/25/20,2.06989E+13,5.9274E+12,2.66263E+13
8/24/20,2.0687E+13,5.91306E+12,2.66001E+13
8/21/20,2.06863E+13,5.91067E+12,2.6597E+13
8/20/20,2.0686E+13,5.90955E+12,2.65956E+13
8/19/20,2.06778E+13,5.9003E+12,2.65781E+13
8/18/20,2.06773E+13,5.91766E+12,2.6595E+13
8/17/20,2.06758E+13,5.90406E+12,2.65798E+13
8/14/20,2.06147E+13,5.894E+12,2.65087E+13
8/13/20,2.06143E+13,5.89539E+12,2.65097E+13
8/12/20,2.05956E+13,5.89318E+12,2.64888E+13
8/11/20,2.05936E+13,5.90959E+12,2.65031E+13
8/10/20,2.06024E+13,5.90309E+12,2.65055E+13
8/7/20,2.06014E+13,5.897E+12,2.64984E+13
8/6/20,2.06012E+13,5.8971E+12,2.64983E+13
8/5/20,2.06087E+13,5.89558E+12,2.65043E+13
8/4/20,2.06071E+13,5.89612E+12,2.65032E+13
8/3/20,2.06316E+13,5.87952E+12,2.65112E+13
7/31/20,2.06344E+13,5.89055E+12,2.6525E+13
7/30/20,2.0572E+13,5.93334E+12,2.65053E+13
7/29/20,2.05844E+13,5.93599E+12,2.65204E+13
7/28/20,2.05841E+13,5.93744E+12,2.65215E+13
7/27/20,2.06138E+13,5.93286E+12,2.65467E+13
7/24/20,2.0614E+13,5.92281E+12,2.65368E+13
7/23/20,2.06141E+13,5.92479E+12,2.65389E+13
7/22/20,2.05712E+13,5.92057E+12,2.64918E+13
7/21/20,2.05688E+13,5.93709E+12,2.65059E+13
7/20/20,2.06123E+13,5.92186E+12,2.65341E+13
7/17/20,2.06122E+13,5.92015E+12,2.65324E+13
7/16/20,2.06119E+13,5.91734E+12,2.65293E+13
7/15/20,2.05744E+13,5.91109E+12,2.64855E+13
7/14/20,2.05399E+13,5.90978E+12,2.64497E+13
7/13/20,2.05835E+13,5.90464E+12,2.64881E+13
7/10/20,2.05836E+13,5.90144E+12,2.64851E+13
7/9/20,2.05838E+13,5.904E+12,2.64878E+13
7/8/20,2.05568E+13,5.88998E+12,2.64467E+13
7/7/20,2.05547E+13,5.90609E+12,2.64608E+13
7/6/20,2.05588E+13,5.90155E+12,2.64604E+13
7/3/20,2.05593E+13,5.88862E+12,2.64479E+13
7/2/20,2.05595E+13,5.89762E+12,2.64571E+13
7/1/20,2.05243E+13,5.90465E+12,2.6429E+13
6/30/20,2.05303E+13,5.94696E+12,2.64772E+13
6/29/20,2.04277E+13,5.89697E+12,2.63246E+13
6/26/20,2.04282E+13,5.88872E+12,2.63169E+13
6/25/20,2.04087E+13,5.89252E+12,2.63012E+13
6/24/20,2.03408E+13,5.89697E+12,2.62378E+13
6/23/20,2.03403E+13,5.91147E+12,2.62517E+13
6/22/20,2.03351E+13,5.90871E+12,2.62438E+13
6/19/20,2.03361E+13,5.90463E+12,2.62407E+13
6/18/20,2.03279E+13,5.90574E+12,2.62337E+13
6/17/20,2.02411E+13,5.90337E+12,2.61445E+13
6/16/20,2.02413E+13,5.91235E+12,2.61536E+13
6/15/20,2.02305E+13,5.90084E+12,2.61313E+13
6/12/20,2.01666E+13,5.89585E+12,2.60624E+13
6/11/20,2.01659E+13,5.89676E+12,2.60627E+13
6/10/20,2.00963E+13,5.8906E+12,2.59869E+13
6/9/20,2.00968E+13,5.90699E+12,2.60038E+13
6/8/20,2.00617E+13,5.89881E+12,2.59605E+13
6/5/20,2.00313E+13,5.88842E+12,2.59197E+13
6/4/20,2.00315E+13,5.88854E+12,2.59201E+13
6/3/20,1.99486E+13,5.88153E+12,2.58301E+13
6/2/20,1.99487E+13,5.89288E+12,2.58416E+13
6/1/20,1.98689E+13,5.88259E+12,2.57515E+13
5/29/20,1.98128E+13,5.93349E+12,2.57463E+13
5/28/20,1.97658E+13,5.91783E+12,2.56837E+13
5/27/20,1.96586E+13,5.92458E+12,2.55831E+13
5/26/20,1.96583E+13,5.94567E+12,2.5604E+13
5/22/20,1.95689E+13,5.9444E+12,2.55133E+13
5/21/20,1.95285E+13,5.93829E+12,2.54668E+13
5/20/20,1.94294E+13,5.93163E+12,2.5361E+13
5/19/20,1.94277E+13,5.9496E+12,2.53773E+13
5/18/20,1.93765E+13,5.93489E+12,2.53114E+13
5/15/20,1.93771E+13,5.92856E+12,2.53056E+13
5/14/20,1.93404E+13,5.92717E+12,2.52676E+13
5/13/20,1.92613E+13,5.92745E+12,2.51888E+13
5/12/20,1.92603E+13,5.9441E+12,2.52044E+13
5/11/20,1.92189E+13,5.93784E+12,2.51567E+13
5/8/20,1.9219E+13,5.93409E+12,2.51531E+13
5/7/20,1.92186E+13,5.92384E+12,2.51424E+13
5/6/20,1.91486E+13,5.90994E+12,2.50585E+13
5/5/20,1.91486E+13,5.90935E+12,2.50579E+13
5/4/20,1.9053E+13,5.89597E+12,2.4949E+13
5/1/20,1.90536E+13,5.86773E+12,2.49213E+13
4/30/20,1.90536E+13,5.92055E+12,2.49742E+13
4/29/20,1.89269E+13,5.92715E+12,2.48541E+13
4/28/20,1.88699E+13,5.93253E+12,2.48024E+13
4/27/20,1.87788E+13,5.93349E+12,2.47123E+13
4/24/20,1.87784E+13,5.93223E+12,2.47106E+13
4/23/20,1.87778E+13,5.92733E+12,2.47052E+13
4/22/20,1.86868E+13,5.92254E+12,2.46093E+13
4/21/20,1.86219E+13,5.9449E+12,2.45668E+13
4/20/20,1.85237E+13,5.93721E+12,2.44609E+13
4/17/20,1.85237E+13,5.9342E+12,2.44579E+13
4/16/20,1.85243E+13,5.94099E+12,2.44653E+13
4/15/20,1.8441E+13,5.94289E+12,2.43839E+13
4/14/20,1.83385E+13,5.96328E+12,2.43018E+13
4/13/20,1.82308E+13,5.96234E+12,2.41931E+13
4/10/20,1.82307E+13,5.98033E+12,2.42111E+13
4/9/20,1.82307E+13,5.99094E+12,2.42217E+13
4/8/20,1.81103E+13,6.00151E+12,2.41118E+13
4/7/20,1.8005E+13,6.00656E+12,2.40115E+13
4/6/20,1.79193E+13,5.99795E+12,2.39172E+13
4/3/20,1.79186E+13,5.98974E+12,2.39083E+13
4/2/20,1.78342E+13,5.99959E+12,2.38338E+13
4/1/20,1.77191E+13,5.98318E+12,2.37023E+13
3/31/20,1.76748E+13,6.0121E+12,2.36869E+13
3/30/20,1.75547E+13,6.01032E+12,2.35651E+13
3/27/20,1.75532E+13,5.98181E+12,2.3535E+13
3/26/20,1.75356E+13,5.9792E+12,2.35148E+13
3/25/20,1.75308E+13,6.01175E+12,2.35425E+13
3/24/20,1.75306E+13,6.02099E+12,2.35516E+13
3/23/20,1.75074E+13,6.01045E+12,2.35179E+13
3/20/20,1.75064E+13,6.00818E+12,2.35145E+13
3/19/20,1.75059E+13,6.00973E+12,2.35157E+13
3/18/20,1.75066E+13,6.00695E+12,2.35136E+13
3/17/20,1.75061E+13,6.02199E+12,2.35281E+13
3/16/20,1.74953E+13,6.00551E+12,2.35008E+13
3/13/20,1.74413E+13,6.00105E+12,2.34424E+13
3/12/20,1.74385E+13,6.00145E+12,2.34399E+13
3/11/20,1.74849E+13,5.99818E+12,2.3483E+13
3/10/20,1.74843E+13,6.01444E+12,2.34987E+13
3/9/20,1.74702E+13,6.00329E+12,2.34735E+13
3/6/20,1.747E+13,5.99867E+12,2.34687E+13
3/5/20,1.74694E+13,5.99979E+12,2.34692E+13
3/4/20,1.74639E+13,5.99666E+12,2.34606E+13
3/3/20,1.74586E+13,5.9962E+12,2.34548E+13
3/2/20,1.74456E+13,5.9952E+12,2.34408E+13
2/28/20,1.7413E+13,5.99691E+12,2.341E+13
2/27/20,1.73878E+13,6.03488E+12,2.34227E+13
2/26/20,1.73892E+13,6.03741E+12,2.34266E+13
2/25/20,1.73892E+13,6.04965E+12,2.34388E+13
2/24/20,1.73653E+13,6.04099E+12,2.34063E+13
2/21/20,1.73655E+13,6.03258E+12,2.3398E+13
2/20/20,1.73646E+13,6.028E+12,2.33926E+13
2/19/20,1.73257E+13,6.02752E+12,2.33532E+13
2/18/20,1.73251E+13,6.02595E+12,2.3351E+13
2/14/20,1.72883E+13,6.01652E+12,2.33048E+13
2/13/20,1.72883E+13,6.01701E+12,2.33053E+13
2/12/20,1.72597E+13,6.01441E+12,2.32741E+13
2/11/20,1.72598E+13,6.03057E+12,2.32903E+13
2/10/20,1.72337E+13,6.02268E+12,2.32564E+13
2/7/20,1.72339E+13,6.01717E+12,2.3251E+13
2/6/20,1.72336E+13,6.0193E+12,2.32529E+13
2/5/20,1.72319E+13,6.01466E+12,2.32465E+13
2/4/20,1.72313E+13,6.01434E+12,2.32457E+13
2/3/20,1.72106E+13,5.99532E+12,2.32059E+13
1/31/20,1.72126E+13,6.01118E+12,2.32238E+13
1/30/20,1.71943E+13,6.05729E+12,2.32516E+13
1/29/20,1.71888E+13,6.05625E+12,2.32451E+13
1/28/20,1.71884E+13,6.05557E+12,2.32439E+13
1/27/20,1.71763E+13,6.04608E+12,2.32224E+13
1/24/20,1.71764E+13,6.03328E+12,2.32097E+13
1/23/20,1.71762E+13,6.03044E+12,2.32066E+13
1/22/20,1.71769E+13,6.0283E+12,2.32052E+13
1/21/20,1.7177E+13,6.03337E+12,2.32104E+13
1/17/20,1.71813E+13,6.02989E+12,2.32112E+13
1/16/20,1.71811E+13,6.02321E+12,2.32043E+13
1/15/20,1.71782E+13,6.01591E+12,2.31941E+13
1/14/20,1.71472E+13,6.02179E+12,2.3169E+13
1/13/20,1.71567E+13,6.01307E+12,2.31698E+13
1/10/20,1.71567E+13,6.01042E+12,2.31672E+13
1/9/20,1.7157E+13,6.01095E+12,2.31679E+13
1/8/20,1.71578E+13,6.0049E+12,2.31628E+13
1/7/20,1.71567E+13,6.0202E+12,2.31769E+13
1/6/20,1.71647E+13,6.01249E+12,2.31771E+13
1/3/20,1.71633E+13,6.00712E+12,2.31704E+13
1/2/20,1.71624E+13,6.00959E+12,2.3172E+13
12/31/19,1.71704E+13,6.03094E+12,2.32014E+13
12/30/19,1.71337E+13,5.97514E+12,2.31088E+13
12/27/19,1.71332E+13,5.97459E+12,2.31078E+13
12/26/19,1.71149E+13,5.9724E+12,2.30873E+13
12/24/19,1.7116E+13,5.96394E+12,2.308E+13
12/23/19,1.71323E+13,5.98191E+12,2.31142E+13
12/20/19,1.71314E+13,5.95527E+12,2.30867E+13
12/19/19,1.71316E+13,5.95601E+12,2.30876E+13
12/18/19,1.71327E+13,5.96686E+12,2.30996E+13
12/17/19,1.71303E+13,5.98112E+12,2.31115E+13
12/16/19,1.71416E+13,5.96656E+12,2.31082E+13
12/13/19,1.70888E+13,5.96165E+12,2.30504E+13
12/12/19,1.70888E+13,5.96494E+12,2.30537E+13
12/11/19,1.71059E+13,5.96347E+12,2.30694E+13
12/10/19,1.71046E+13,5.9785E+12,2.30831E+13
12/9/19,1.71234E+13,5.97359E+12,2.3097E+13
12/6/19,1.71232E+13,5.96684E+12,2.30901E+13
12/5/19,1.71226E+13,5.96853E+12,2.30911E+13
12/4/19,1.71237E+13,5.96618E+12,2.30899E+13
12/3/19,1.71224E+13,5.96583E+12,2.30883E+13
12/2/19,1.71339E+13,5.97107E+12,2.3105E+13
11/29/19,1.71054E+13,5.97078E+12,2.30762E+13
11/27/19,1.70724E+13,6.00371E+12,2.30761E+13
11/26/19,1.70713E+13,6.02193E+12,2.30932E+13
11/25/19,1.70603E+13,6.01242E+12,2.30727E+13
11/22/19,1.70598E+13,6.01202E+12,2.30718E+13
11/21/19,1.70591E+13,5.99211E+12,2.30512E+13
11/20/19,1.70503E+13,6.00313E+12,2.30534E+13
11/19/19,1.70484E+13,6.01782E+12,2.30662E+13
11/18/19,1.70459E+13,6.00493E+12,2.30508E+13
11/15/19,1.70451E+13,5.99858E+12,2.30437E+13
11/14/19,1.70221E+13,5.99452E+12,2.30167E+13
11/13/19,1.70099E+13,5.99492E+12,2.30049E+13
11/12/19,1.70098E+13,6.00532E+12,2.30151E+13
11/8/19,1.70046E+13,6.00175E+12,2.30063E+13
11/7/19,1.70047E+13,5.99937E+12,2.3004E+13
11/6/19,1.69903E+13,5.99549E+12,2.29858E+13
11/5/19,1.69901E+13,5.99588E+12,2.2986E+13
11/4/19,1.69792E+13,5.9865E+12,2.29657E+13
11/1/19,1.69791E+13,5.9741E+12,2.29532E+13
10/31/19,1.69813E+13,6.0271E+12,2.30084E+13
10/30/19,1.69318E+13,6.03146E+12,2.29632E+13
10/29/19,1.69308E+13,6.03553E+12,2.29663E+13
10/28/19,1.69195E+13,6.03107E+12,2.29505E+13
10/25/19,1.69193E+13,6.02965E+12,2.29489E+13
10/24/19,1.69193E+13,6.02385E+12,2.29432E+13
10/23/19,1.69047E+13,6.02194E+12,2.29266E+13
10/22/19,1.69033E+13,6.03764E+12,2.29409E+13
10/21/19,1.6893E+13,6.02949E+12,2.29225E+13
10/18/19,1.68931E+13,6.02575E+12,2.29189E+13
10/17/19,1.68932E+13,6.02562E+12,2.29188E+13
10/16/19,1.6877E+13,6.02082E+12,2.28978E+13
10/15/19,1.68755E+13,6.0274E+12,2.29029E+13
10/11/19,1.68255E+13,6.01814E+12,2.28436E+13
10/10/19,1.68255E+13,6.0172E+12,2.28427E+13
10/9/19,1.68087E+13,6.01517E+12,2.28239E+13
10/8/19,1.68087E+13,6.03065E+12,2.28394E+13
10/7/19,1.68177E+13,6.01924E+12,2.28369E+13
10/4/19,1.68177E+13,6.01676E+12,2.28344E+13
10/3/19,1.68181E+13,6.01135E+12,2.28295E+13
10/2/19,1.68043E+13,6.02327E+12,2.28275E+13
10/1/19,1.68032E+13,5.99525E+12,2.27985E+13
9/30/19,1.68091E+13,5.91031E+12,2.27194E+13
9/27/19,1.67644E+13,5.85829E+12,2.26227E+13
9/26/19,1.67463E+13,5.86362E+12,2.261E+13
9/25/19,1.67335E+13,5.87396E+12,2.26074E+13
9/24/19,1.67333E+13,5.88944E+12,2.26228E+13
9/23/19,1.67373E+13,5.8732E+12,2.26105E+13
9/20/19,1.67367E+13,5.86889E+12,2.26056E+13
9/19/19,1.67365E+13,5.87374E+12,2.26102E+13
9/18/19,1.67232E+13,5.86697E+12,2.25902E+13
9/17/19,1.67228E+13,5.88017E+12,2.26029E+13
9/16/19,1.67205E+13,5.86582E+12,2.25863E+13
9/13/19,1.67008E+13,5.8568E+12,2.25576E+13
9/12/19,1.67004E+13,5.85737E+12,2.25578E+13
9/11/19,1.66849E+13,5.85459E+12,2.25395E+13
9/10/19,1.66848E+13,5.8733E+12,2.25581E+13
9/9/19,1.66739E+13,5.86356E+12,2.25374E+13
9/6/19,1.66734E+13,5.85934E+12,2.25328E+13
9/5/19,1.66733E+13,5.85851E+12,2.25318E+13
9/4/19,1.66605E+13,5.85676E+12,2.25173E+13
9/3/19,1.66603E+13,5.83874E+12,2.2499E+13
8/30/19,1.65968E+13,5.86365E+12,2.24605E+13
8/29/19,1.65704E+13,5.8974E+12,2.24678E+13
8/28/19,1.65575E+13,5.89932E+12,2.24568E+13
8/27/19,1.65571E+13,5.91522E+12,2.24724E+13
8/26/19,1.65321E+13,5.9087E+12,2.24408E+13
8/23/19,1.6532E+13,5.89885E+12,2.24308E+13
8/22/19,1.65317E+13,5.89893E+12,2.24307E+13
8/21/19,1.65179E+13,5.89671E+12,2.24146E+13
8/20/19,1.65169E+13,5.91115E+12,2.2428E+13
8/19/19,1.64915E+13,5.90486E+12,2.23963E+13
8/16/19,1.64914E+13,5.89812E+12,2.23896E+13
8/15/19,1.64915E+13,5.8939E+12,2.23854E+13
8/14/19,1.64572E+13,5.88494E+12,2.23421E+13
8/13/19,1.64577E+13,5.90167E+12,2.23593E+13
8/12/19,1.64374E+13,5.89394E+12,2.23313E+13
8/9/19,1.64372E+13,5.88933E+12,2.23265E+13
8/8/19,1.64375E+13,5.89043E+12,2.23279E+13
8/7/19,1.6437E+13,5.88454E+12,2.23215E+13
8/6/19,1.64376E+13,5.88486E+12,2.23224E+13
8/5/19,1.64421E+13,5.87893E+12,2.2321E+13
8/2/19,1.64406E+13,5.87367E+12,2.23143E+13
8/1/19,1.62466E+13,5.77615E+12,2.20228E+13
7/31/19,1.62112E+13,5.81118E+12,2.20224E+13
7/30/19,1.62135E+13,5.80886E+12,2.20224E+13
7/29/19,1.62166E+13,5.80578E+12,2.20224E+13
7/26/19,1.62198E+13,5.80302E+12,2.20228E+13
7/25/19,1.62175E+13,5.80542E+12,2.20229E+13
7/24/19,1.62166E+13,5.80595E+12,2.20225E+13
7/23/19,1.62039E+13,5.81881E+12,2.20227E+13
7/22/19,1.6211E+13,5.81167E+12,2.20227E+13
7/19/19,1.62149E+13,5.80817E+12,2.20231E+13
7/18/19,1.62157E+13,5.8076E+12,2.20233E+13
7/17/19,1.62159E+13,5.8065E+12,2.20224E+13
7/16/19,1.62049E+13,5.81761E+12,2.20225E+13
7/15/19,1.62121E+13,5.81039E+12,2.20225E+13
7/12/19,1.62178E+13,5.8051E+12,2.20229E+13
7/11/19,1.62174E+13,5.80565E+12,2.20231E+13
7/10/19,1.62199E+13,5.80273E+12,2.20227E+13
7/9/19,1.62025E+13,5.82037E+12,2.20228E+13
7/8/19,1.621E+13,5.81275E+12,2.20228E+13
7/5/19,1.62121E+13,5.81115E+12,2.20233E+13
7/3/19,1.62159E+13,5.80706E+12,2.2023E+13
7/2/19,1.62008E+13,5.82234E+12,2.20232E+13
7/1/19,1.62141E+13,5.80902E+12,2.20231E+13
6/28/19,1.61884E+13,5.83486E+12,2.20233E+13
6/27/19,1.61617E+13,5.86404E+12,2.20257E+13
6/26/19,1.61617E+13,5.86362E+12,2.20253E+13
6/25/19,1.61498E+13,5.87571E+12,2.20255E+13
6/24/19,1.61573E+13,5.86813E+12,2.20254E+13
6/21/19,1.61671E+13,5.85884E+12,2.20259E+13
6/20/19,1.61689E+13,5.85714E+12,2.20261E+13
6/19/19,1.61733E+13,5.85181E+12,2.20251E+13
6/18/19,1.61605E+13,5.8648E+12,2.20253E+13
6/17/19,1.6181E+13,5.84429E+12,2.20253E+13
6/14/19,1.61905E+13,5.83528E+12,2.20257E+13
6/13/19,1.61876E+13,5.83834E+12,2.20259E+13
6/12/19,1.61902E+13,5.83522E+12,2.20255E+13
6/11/19,1.61767E+13,5.84889E+12,2.20256E+13
6/10/19,1.61838E+13,5.84184E+12,2.20256E+13
6/7/19,1.61978E+13,5.82826E+12,2.20261E+13
6/6/19,1.61975E+13,5.82878E+12,2.20263E+13
6/5/19,1.6202E+13,5.82378E+12,2.20258E+13
6/4/19,1.62074E+13,5.81857E+12,2.2026E+13
6/3/19,1.62217E+13,5.80418E+12,2.20259E+13
5/31/19,1.62023E+13,5.82414E+12,2.20264E+13
5/30/19,1.61679E+13,5.85957E+12,2.20274E+13
5/29/19,1.61818E+13,5.8452E+12,2.2027E+13
5/28/19,1.61875E+13,5.83961E+12,2.20271E+13
5/24/19,1.6189E+13,5.83857E+12,2.20276E+13
5/23/19,1.61939E+13,5.83389E+12,2.20277E+13
5/22/19,1.61904E+13,5.8363E+12,2.20267E+13
5/21/19,1.61757E+13,5.85113E+12,2.20268E+13
5/20/19,1.61831E+13,5.84366E+12,2.20268E+13
5/17/19,1.61872E+13,5.84011E+12,2.20273E+13
5/16/19,1.61906E+13,5.83684E+12,2.20275E+13
5/15/19,1.61942E+13,5.83277E+12,2.2027E+13
5/14/19,1.61809E+13,5.84624E+12,2.20271E+13
5/13/19,1.61863E+13,5.84076E+12,2.20271E+13
5/10/19,1.61901E+13,5.83745E+12,2.20276E+13
5/9/19,1.61894E+13,5.83838E+12,2.20278E+13
5/8/19,1.61921E+13,5.83513E+12,2.20273E+13
5/7/19,1.61797E+13,5.84775E+12,2.20274E+13
5/6/19,1.61873E+13,5.83999E+12,2.20273E+13
5/3/19,1.61971E+13,5.83069E+12,2.20278E+13
5/2/19,1.61845E+13,5.84347E+12,2.2028E+13
5/1/19,1.62004E+13,5.82707E+12,2.20275E+13
4/30/19,1.61928E+13,5.83488E+12,2.20277E+13
4/29/19,1.61676E+13,5.85962E+12,2.20272E+13
4/26/19,1.61684E+13,5.8593E+12,2.20277E+13
4/25/19,1.61689E+13,5.85902E+12,2.20279E+13
4/24/19,1.61694E+13,5.85731E+12,2.20268E+13
4/23/19,1.61645E+13,5.86241E+12,2.20269E+13
4/22/19,1.61792E+13,5.84769E+12,2.20269E+13
4/19/19,1.61859E+13,5.84147E+12,2.20274E+13
4/18/19,1.61875E+13,5.84004E+12,2.20275E+13
4/17/19,1.61946E+13,5.83238E+12,2.2027E+13
4/16/19,1.61879E+13,5.83931E+12,2.20272E+13
4/15/19,1.61989E+13,5.82826E+12,2.20271E+13
4/12/19,1.62192E+13,5.80843E+12,2.20277E+13
4/11/19,1.62205E+13,5.80739E+12,2.20278E+13
4/10/19,1.62243E+13,5.80304E+12,2.20273E+13
4/9/19,1.62099E+13,5.81755E+12,2.20275E+13
4/8/19,1.62174E+13,5.81E+12,2.20274E+13
4/5/19,1.62242E+13,5.80373E+12,2.2028E+13
4/4/19,1.62255E+13,5.80268E+12,2.20281E+13
4/2/19,1.62287E+13,5.79887E+12,2.20276E+13
4/1/19,1.62301E+13,5.79761E+12,2.20277E+13
3/29/19,1.62044E+13,5.82349E+12,2.20279E+13
3/28/19,1.62412E+13,5.78794E+12,2.20291E+13
3/27/19,1.62088E+13,5.81911E+12,2.20279E+13
3/26/19,1.61927E+13,5.83538E+12,2.20281E+13
3/25/19,1.61988E+13,5.8292E+12,2.2028E+13
3/22/19,1.62118E+13,5.81671E+12,2.20285E+13
3/21/19,1.62122E+13,5.81653E+12,2.20287E+13
3/20/19,1.62162E+13,5.8119E+12,2.20281E+13
3/19/19,1.62017E+13,5.82652E+12,2.20283E+13
3/18/19,1.62139E+13,5.81434E+12,2.20282E+13
3/15/19,1.62186E+13,5.81014E+12,2.20287E+13
3/14/19,1.62171E+13,5.81176E+12,2.20289E+13
3/13/19,1.62194E+13,5.80889E+12,2.20283E+13
3/12/19,1.62038E+13,5.82461E+12,2.20284E+13
3/11/19,1.62153E+13,5.81305E+12,2.20284E+13
3/8/19,1.62196E+13,5.80933E+12,2.20289E+13
3/7/19,1.62202E+13,5.80883E+12,2.20291E+13
3/6/19,1.62221E+13,5.80631E+12,2.20284E+13
3/5/19,1.62225E+13,5.80607E+12,2.20285E+13
3/4/19,1.62221E+13,5.80639E+12,2.20284E+13
3/1/19,1.62217E+13,5.8072E+12,2.20289E+13
2/28/19,1.62509E+13,5.86463E+12,2.21155E+13
2/27/19,1.62119E+13,5.86237E+12,2.20743E+13
2/26/19,1.62124E+13,5.8776E+12,2.209E+13
2/25/19,1.6201E+13,5.86614E+12,2.20671E+13
2/22/19,1.62016E+13,5.86198E+12,2.20636E+13
2/21/19,1.61838E+13,5.85553E+12,2.20393E+13
2/20/19,1.61863E+13,5.85344E+12,2.20398E+13
2/19/19,1.61857E+13,5.85501E+12,2.20407E+13
2/15/19,1.6171E+13,5.85451E+12,2.20255E+13
2/14/19,1.61658E+13,5.84976E+12,2.20156E+13
2/13/19,1.61717E+13,5.84838E+12,2.20201E+13
2/12/19,1.61722E+13,5.86355E+12,2.20358E+13
2/11/19,1.61572E+13,5.8556E+12,2.20128E+13
2/8/19,1.61079E+13,5.84982E+12,2.19577E+13
2/7/19,1.6108E+13,5.8471E+12,2.19551E+13
2/6/19,1.61134E+13,5.84418E+12,2.19576E+13
2/5/19,1.61134E+13,5.84388E+12,2.19573E+13
2/4/19,1.60984E+13,5.83509E+12,2.19335E+13
2/1/19,1.60992E+13,5.82243E+12,2.19216E+13
1/31/19,1.61012E+13,5.8812E+12,2.19824E+13
1/30/19,1.60931E+13,5.87508E+12,2.19682E+13
1/29/19,1.60932E+13,5.8801E+12,2.19733E+13
1/28/19,1.60833E+13,5.87181E+12,2.19551E+13
1/25/19,1.60841E+13,5.86612E+12,2.19502E+13
1/24/19,1.60841E+13,5.85713E+12,2.19413E+13
1/23/19,1.60931E+13,5.85471E+12,2.19478E+13
1/22/19,1.60931E+13,5.86008E+12,2.19532E+13
1/18/19,1.60941E+13,5.86082E+12,2.19549E+13
1/17/19,1.60943E+13,5.86052E+12,2.19548E+13
1/16/19,1.61093E+13,5.85109E+12,2.19604E+13
1/15/19,1.61088E+13,5.86121E+12,2.197E+13
1/14/19,1.60743E+13,5.84571E+12,2.192E+13
1/11/19,1.60749E+13,5.8423E+12,2.19172E+13
1/10/19,1.60751E+13,5.84249E+12,2.19176E+13
1/9/19,1.60902E+13,5.84004E+12,2.19302E+13
1/8/19,1.60896E+13,5.85184E+12,2.19414E+13
1/7/19,1.60893E+13,5.8462E+12,2.19355E+13
1/4/19,1.60896E+13,5.84235E+12,2.1932E+13
1/3/19,1.60897E+13,5.83952E+12,2.19293E+13
1/2/19,1.60994E+13,5.8445E+12,2.19439E+13
12/31/18,1.61017E+13,5.87243E+12,2.19741E+13
12/28/18,1.60686E+13,5.79875E+12,2.18673E+13
12/27/18,1.60501E+13,5.79523E+12,2.18453E+13
12/26/18,1.60644E+13,5.79694E+12,2.18613E+13
12/24/18,1.60695E+13,5.79305E+12,2.18625E+13
12/21/18,1.60684E+13,5.8005E+12,2.18689E+13
12/20/18,1.6068E+13,5.79559E+12,2.18636E+13
12/19/18,1.60824E+13,5.79083E+12,2.18732E+13
12/18/18,1.60821E+13,5.80338E+12,2.18855E+13
12/17/18,1.60864E+13,5.79024E+12,2.18767E+13
12/14/18,1.60338E+13,5.78718E+12,2.18209E+13
12/13/18,1.60336E+13,5.78946E+12,2.18231E+13
12/12/18,1.60489E+13,5.78771E+12,2.18367E+13
12/11/18,1.60487E+13,5.80106E+12,2.18497E+13
12/10/18,1.60531E+13,5.80118E+12,2.18543E+13
12/7/18,1.6053E+13,5.79779E+12,2.18508E+13
12/6/18,1.6053E+13,5.79856E+12,2.18515E+13
12/5/18,1.60418E+13,5.79725E+12,2.1839E+13
12/4/18,1.60416E+13,5.79504E+12,2.18367E+13
12/3/18,1.6042E+13,5.78214E+12,2.18241E+13
11/30/18,1.60443E+13,5.80578E+12,2.18501E+13
11/29/18,1.59854E+13,5.8327E+12,2.18181E+13
11/28/18,1.5968E+13,5.83391E+12,2.18019E+13
11/27/18,1.59681E+13,5.84823E+12,2.18164E+13
11/26/18,1.5968E+13,5.84335E+12,2.18114E+13
11/23/18,1.59668E+13,5.83606E+12,2.18028E+13
11/21/18,1.59417E+13,5.8276E+12,2.17693E+13
11/20/18,1.59416E+13,5.84112E+12,2.17827E+13
11/19/18,1.59407E+13,5.83144E+12,2.17722E+13
11/16/18,1.59418E+13,5.82452E+12,2.17664E+13
11/15/18,1.59417E+13,5.82214E+12,2.17638E+13
11/14/18,1.59019E+13,5.82386E+12,2.17257E+13
11/13/18,1.59016E+13,5.83262E+12,2.17342E+13
11/9/18,1.59012E+13,5.83135E+12,2.17326E+13
11/8/18,1.59013E+13,5.83217E+12,2.17334E+13
11/7/18,1.58649E+13,5.82559E+12,2.16904E+13
11/6/18,1.58651E+13,5.82617E+12,2.16912E+13
11/5/18,1.58644E+13,5.818E+12,2.16824E+13
11/2/18,1.58644E+13,5.81225E+12,2.16766E+13
11/1/18,1.58637E+13,5.82028E+12,2.1684E+13
10/31/18,1.58433E+13,5.85904E+12,2.17024E+13
10/30/18,1.58467E+13,5.85331E+12,2.17E+13
10/29/18,1.58462E+13,5.85135E+12,2.16975E+13
10/26/18,1.58454E+13,5.8495E+12,2.16949E+13
10/25/18,1.58452E+13,5.85053E+12,2.16958E+13
10/24/18,1.58261E+13,5.84499E+12,2.16711E+13
10/23/18,1.58257E+13,5.85672E+12,2.16824E+13
10/22/18,1.5825E+13,5.84972E+12,2.16747E+13
10/19/18,1.58252E+13,5.8463E+12,2.16715E+13
10/18/18,1.58251E+13,5.84735E+12,2.16725E+13
10/17/18,1.58096E+13,5.84418E+12,2.16538E+13
10/16/18,1.58082E+13,5.85355E+12,2.16617E+13
10/15/18,1.5808E+13,5.84611E+12,2.16542E+13
10/12/18,1.57587E+13,5.83926E+12,2.15979E+13
10/11/18,1.57582E+13,5.8318E+12,2.159E+13
10/10/18,1.5757E+13,5.83739E+12,2.15944E+13
10/9/18,1.57565E+13,5.84577E+12,2.16023E+13
10/5/18,1.57567E+13,5.84258E+12,2.15993E+13
10/4/18,1.57571E+13,5.84228E+12,2.15994E+13
10/3/18,1.57716E+13,5.83375E+12,2.16054E+13
10/2/18,1.57719E+13,5.84693E+12,2.16188E+13
10/1/18,1.57713E+13,5.83562E+12,2.16069E+13
9/28/18,1.57612E+13,5.7549E+12,2.15161E+13
9/27/18,1.57329E+13,5.69898E+12,2.14319E+13
9/26/18,1.57611E+13,5.70997E+12,2.14711E+13
9/25/18,1.57615E+13,5.72129E+12,2.14828E+13
9/24/18,1.57612E+13,5.71436E+12,2.14755E+13
9/21/18,1.57611E+13,5.70567E+12,2.14667E+13
9/20/18,1.57604E+13,5.70705E+12,2.14675E+13
9/19/18,1.5793E+13,5.70125E+12,2.14943E+13
9/18/18,1.57931E+13,5.70605E+12,2.14992E+13
9/17/18,1.5792E+13,5.6989E+12,2.14909E+13
9/14/18,1.5743E+13,5.68924E+12,2.14322E+13
9/13/18,1.57432E+13,5.68938E+12,2.14325E+13
9/12/18,1.57646E+13,5.68613E+12,2.14508E+13
9/11/18,1.57659E+13,5.70032E+12,2.14662E+13
9/10/18,1.57661E+13,5.69367E+12,2.14598E+13
9/7/18,1.57665E+13,5.69001E+12,2.14565E+13
9/6/18,1.57667E+13,5.6879E+12,2.14546E+13
9/5/18,1.57846E+13,5.68643E+12,2.14711E+13
9/4/18,1.57842E+13,5.67113E+12,2.14553E+13
8/31/18,1.57854E+13,5.67346E+12,2.14588E+13
8/30/18,1.57339E+13,5.70852E+12,2.14425E+13
8/29/18,1.57294E+13,5.71002E+12,2.14394E+13
8/28/18,1.57294E+13,5.71236E+12,2.14418E+13
8/27/18,1.57287E+13,5.70583E+12,2.14345E+13
8/24/18,1.57287E+13,5.6992E+12,2.14279E+13
8/23/18,1.57298E+13,5.69817E+12,2.1428E+13
8/22/18,1.57109E+13,5.69585E+12,2.14068E+13
8/21/18,1.57097E+13,5.70982E+12,2.14195E+13
8/20/18,1.57093E+13,5.70431E+12,2.14136E+13
8/17/18,1.57094E+13,5.70199E+12,2.14114E+13
8/16/18,1.57099E+13,5.6973E+12,2.14072E+13
8/15/18,1.56731E+13,5.69923E+12,2.13723E+13
8/14/18,1.56478E+13,5.70373E+12,2.13516E+13
8/13/18,1.56477E+13,5.69737E+12,2.13451E+13
8/10/18,1.56459E+13,5.69437E+12,2.13403E+13
8/9/18,1.56459E+13,5.69628E+12,2.13422E+13
8/8/18,1.56041E+13,5.69448E+12,2.12986E+13
8/7/18,1.56038E+13,5.70612E+12,2.13099E+13
8/6/18,1.56038E+13,5.70163E+12,2.13054E+13
8/3/18,1.56035E+13,5.69636E+12,2.12999E+13
8/2/18,1.56038E+13,5.7095E+12,2.13133E+13
8/1/18,1.55666E+13,5.69823E+12,2.12648E+13
7/31/18,1.55695E+13,5.74357E+12,2.13131E+13
7/30/18,1.55662E+13,5.73309E+12,2.12993E+13
7/27/18,1.55658E+13,5.73269E+12,2.12985E+13
7/26/18,1.55657E+13,5.73292E+12,2.12986E+13
7/25/18,1.55383E+13,5.7272E+12,2.12655E+13
7/24/18,1.55366E+13,5.73461E+12,2.12712E+13
7/23/18,1.55365E+13,5.72735E+12,2.12638E+13
7/20/18,1.55359E+13,5.72477E+12,2.12607E+13
7/19/18,1.55357E+13,5.72433E+12,2.126E+13
7/18/18,1.55127E+13,5.72812E+12,2.12409E+13
7/17/18,1.55125E+13,5.74291E+12,2.12554E+13
7/16/18,1.5512E+13,5.73133E+12,2.12434E+13
7/13/18,1.54842E+13,5.72658E+12,2.12107E+13
7/12/18,1.54838E+13,5.72735E+12,2.12112E+13
7/11/18,1.54822E+13,5.72557E+12,2.12078E+13
7/10/18,1.54818E+13,5.73462E+12,2.12164E+13
7/9/18,1.54813E+13,5.72685E+12,2.12081E+13
7/6/18,1.54803E+13,5.72561E+12,2.1206E+13
7/5/18,1.54803E+13,5.72244E+12,2.12028E+13
7/3/18,1.54798E+13,5.72114E+12,2.12009E+13
7/2/18,1.5478E+13,5.72824E+12,2.12063E+13
6/29/18,1.54666E+13,5.72851E+12,2.11951E+13
6/28/18,1.54453E+13,5.68365E+12,2.1129E+13
6/27/18,1.54499E+13,5.68259E+12,2.11325E+13
6/26/18,1.545E+13,5.69968E+12,2.11497E+13
6/25/18,1.54498E+13,5.69026E+12,2.11401E+13
6/22/18,1.54495E+13,5.68109E+12,2.11306E+13
6/21/18,1.54503E+13,5.68051E+12,2.11308E+13
6/20/18,1.5454E+13,5.68021E+12,2.11342E+13
6/19/18,1.54539E+13,5.69192E+12,2.11458E+13
6/18/18,1.54533E+13,5.67826E+12,2.11316E+13
6/15/18,1.54528E+13,5.67108E+12,2.11239E+13
6/14/18,1.54113E+13,5.66952E+12,2.10808E+13
6/13/18,1.54209E+13,5.6659E+12,2.10868E+13
6/12/18,1.54204E+13,5.67911E+12,2.10995E+13
6/11/18,1.54201E+13,5.67283E+12,2.10929E+13
6/8/18,1.54196E+13,5.66954E+12,2.10891E+13
6/7/18,1.54191E+13,5.68101E+12,2.11001E+13
6/6/18,1.54259E+13,5.67647E+12,2.11024E+13
6/5/18,1.54258E+13,5.67553E+12,2.11014E+13
6/4/18,1.54253E+13,5.6655E+12,2.10908E+13
6/1/18,1.54248E+13,5.65835E+12,2.10831E+13
5/31/18,1.54269E+13,5.7183E+12,2.11452E+13
5/30/18,1.53988E+13,5.70694E+12,2.11057E+13
5/29/18,1.53984E+13,5.70468E+12,2.11031E+13
5/25/18,1.53976E+13,5.70256E+12,2.11001E+13
5/24/18,1.53816E+13,5.70489E+12,2.10865E+13
5/23/18,1.53726E+13,5.71035E+12,2.1083E+13
5/22/18,1.53726E+13,5.72207E+12,2.10946E+13
5/21/18,1.53724E+13,5.7135E+12,2.10859E+13
5/18/18,1.53722E+13,5.70844E+12,2.10807E+13
5/17/18,1.5372E+13,5.70887E+12,2.10809E+13
5/16/18,1.53659E+13,5.70807E+12,2.1074E+13
5/15/18,1.53655E+13,5.72027E+12,2.10858E+13
5/14/18,1.53416E+13,5.71274E+12,2.10543E+13
5/11/18,1.53409E+13,5.70976E+12,2.10506E+13
5/10/18,1.53405E+13,5.71028E+12,2.10508E+13
5/9/18,1.53335E+13,5.70747E+12,2.1041E+13
5/8/18,1.53331E+13,5.72166E+12,2.10548E+13
5/7/18,1.53321E+13,5.71203E+12,2.10442E+13
5/4/18,1.53315E+13,5.70648E+12,2.1038E+13
5/3/18,1.53312E+13,5.70252E+12,2.10337E+13
5/2/18,1.53339E+13,5.71142E+12,2.10453E+13
5/1/18,1.53338E+13,5.69679E+12,2.10306E+13
4/30/18,1.53351E+13,5.73307E+12,2.10682E+13
4/27/18,1.53353E+13,5.71805E+12,2.10534E+13
4/26/18,1.53352E+13,5.72029E+12,2.10555E+13
4/25/18,1.53432E+13,5.71643E+12,2.10596E+13
4/24/18,1.5342E+13,5.72044E+12,2.10624E+13
4/23/18,1.53416E+13,5.70171E+12,2.10433E+13
4/20/18,1.53419E+13,5.69675E+12,2.10387E+13
4/19/18,1.53417E+13,5.69377E+12,2.10355E+13
4/18/18,1.53835E+13,5.6963E+12,2.10798E+13
4/17/18,1.53828E+13,5.69547E+12,2.10783E+13
4/16/18,1.53825E+13,5.68845E+12,2.1071E+13
4/13/18,1.53964E+13,5.66706E+12,2.10634E+13
4/12/18,1.53961E+13,5.66637E+12,2.10625E+13
4/11/18,1.54578E+13,5.66407E+12,2.11218E+13
4/10/18,1.54578E+13,5.67698E+12,2.11348E+13
4/9/18,1.54575E+13,5.66943E+12,2.1127E+13
4/6/18,1.54569E+13,5.66344E+12,2.11203E+13
4/5/18,1.54566E+13,5.66394E+12,2.11205E+13
4/4/18,1.54586E+13,5.65953E+12,2.11182E+13
4/3/18,1.54582E+13,5.65879E+12,2.1117E+13
4/2/18,1.54572E+13,5.66218E+12,2.11194E+13
3/30/18,1.5428E+13,5.66163E+12,2.10896E+13
3/29/18,1.54283E+13,5.68532E+12,2.11136E+13
3/28/18,1.53913E+13,5.67979E+12,2.10711E+13
3/27/18,1.53908E+13,5.69417E+12,2.1085E+13
3/26/18,1.53902E+13,5.68779E+12,2.1078E+13
3/23/18,1.53897E+13,5.67923E+12,2.10689E+13
3/22/18,1.53892E+13,5.67592E+12,2.10652E+13
3/21/18,1.53591E+13,5.67357E+12,2.10327E+13
3/20/18,1.53588E+13,5.69163E+12,2.10504E+13
3/19/18,1.53582E+13,5.68624E+12,2.10444E+13
3/16/18,1.53575E+13,5.67664E+12,2.10341E+13
3/15/18,1.53564E+13,5.6747E+12,2.10311E+13
3/14/18,1.52852E+13,5.67302E+12,2.09582E+13
3/13/18,1.52853E+13,5.68754E+12,2.09728E+13
3/12/18,1.52848E+13,5.67738E+12,2.09622E+13
3/9/18,1.52831E+13,5.67389E+12,2.0957E+13
3/8/18,1.52828E+13,5.67448E+12,2.09573E+13
3/7/18,1.52093E+13,5.67059E+12,2.08799E+13
3/6/18,1.52088E+13,5.67001E+12,2.08788E+13
3/5/18,1.52084E+13,5.66435E+12,2.08728E+13
3/2/18,1.52077E+13,5.66005E+12,2.08677E+13
3/1/18,1.52068E+13,5.66763E+12,2.08744E+13
2/28/18,1.51506E+13,5.70508E+12,2.08557E+13
2/27/18,1.51273E+13,5.71086E+12,2.08382E+13
2/26/18,1.51261E+13,5.70287E+12,2.0829E+13
2/23/18,1.51253E+13,5.6956E+12,2.08209E+13
2/22/18,1.51105E+13,5.69452E+12,2.0805E+13
2/21/18,1.50683E+13,5.69517E+12,2.07635E+13
2/20/18,1.50685E+13,5.70104E+12,2.07695E+13
2/16/18,1.50677E+13,5.69249E+12,2.07602E+13
2/15/18,1.50181E+13,5.69207E+12,2.07102E+13
2/14/18,1.49844E+13,5.68521E+12,2.06696E+13
2/13/18,1.49825E+13,5.69933E+12,2.06818E+13
2/12/18,1.4982E+13,5.69188E+12,2.06739E+13
2/9/18,1.4981E+13,5.68806E+12,2.06691E+13
2/8/18,1.48243E+13,5.67031E+12,2.04946E+13
2/7/18,1.4829E+13,5.66509E+12,2.04941E+13
2/6/18,1.48288E+13,5.66538E+12,2.04942E+13
2/5/18,1.48355E+13,5.65872E+12,2.04942E+13
2/2/18,1.48408E+13,5.65372E+12,2.04945E+13
2/1/18,1.48362E+13,5.65841E+12,2.04946E+13
1/31/18,1.48032E+13,5.69056E+12,2.04937E+13
1/30/18,1.4802E+13,5.691E+12,2.0493E+13
1/29/18,1.48067E+13,5.6864E+12,2.04931E+13
1/26/18,1.48075E+13,5.68583E+12,2.04933E+13
1/25/18,1.48058E+13,5.68758E+12,2.04934E+13
1/24/18,1.48147E+13,5.67829E+12,2.0493E+13
1/23/18,1.48028E+13,5.6902E+12,2.0493E+13
1/22/18,1.48108E+13,5.6823E+12,2.04931E+13
1/19/18,1.48134E+13,5.67997E+12,2.04933E+13
1/18/18,1.48164E+13,5.67698E+12,2.04934E+13
1/17/18,1.48126E+13,5.68038E+12,2.04929E+13
1/16/18,1.4814E+13,5.67902E+12,2.0493E+13
1/12/18,1.48257E+13,5.66765E+12,2.04933E+13
1/11/18,1.48252E+13,5.66818E+12,2.04934E+13
1/10/18,1.48272E+13,5.6657E+12,2.04929E+13
1/9/18,1.48145E+13,5.67853E+12,2.0493E+13
1/8/18,1.48223E+13,5.67074E+12,2.04931E+13
1/5/18,1.48252E+13,5.66805E+12,2.04933E+13
1/4/18,1.48293E+13,5.66403E+12,2.04934E+13
1/3/18,1.48308E+13,5.6617E+12,2.04925E+13
1/2/18,1.48328E+13,5.65981E+12,2.04926E+13
12/29/17,1.48147E+13,5.67803E+12,2.04927E+13
12/28/17,1.48686E+13,5.62432E+12,2.0493E+13
12/27/17,1.48628E+13,5.6297E+12,2.04925E+13
12/26/17,1.48617E+13,5.63087E+12,2.04926E+13
12/22/17,1.48677E+13,5.62522E+12,2.04929E+13
12/21/17,1.48743E+13,5.61865E+12,2.04929E+13
12/20/17,1.48724E+13,5.62012E+12,2.04925E+13
12/19/17,1.48594E+13,5.63322E+12,2.04926E+13
12/18/17,1.48711E+13,5.62155E+12,2.04927E+13
12/15/17,1.48765E+13,5.61641E+12,2.04929E+13
12/14/17,1.48753E+13,5.61768E+12,2.04929E+13
12/13/17,1.48652E+13,5.62232E+12,2.04875E+13
12/12/17,1.48646E+13,5.62802E+12,2.04926E+13
12/11/17,1.48648E+13,5.62789E+12,2.04927E+13
12/8/17,1.48649E+13,5.62799E+12,2.04929E+13
12/7/17,1.4906E+13,5.63514E+12,2.05411E+13
12/6/17,1.49138E+13,5.63268E+12,2.05464E+13
12/5/17,1.49137E+13,5.63291E+12,2.05466E+13
12/4/17,1.4914E+13,5.62636E+12,2.05404E+13
12/1/17,1.4914E+13,5.61783E+12,2.05318E+13
11/30/17,1.49187E+13,5.67168E+12,2.05904E+13
11/29/17,1.49026E+13,5.6616E+12,2.05642E+13
11/28/17,1.49022E+13,5.66573E+12,2.05679E+13
11/27/17,1.49013E+13,5.66236E+12,2.05637E+13
11/24/17,1.49007E+13,5.6566E+12,2.05573E+13
11/22/17,1.48812E+13,5.65215E+12,2.05334E+13
11/21/17,1.48811E+13,5.66588E+12,2.05469E+13
11/20/17,1.488E+13,5.65837E+12,2.05384E+13
11/17/17,1.48794E+13,5.65464E+12,2.0534E+13
11/16/17,1.48783E+13,5.65094E+12,2.05292E+13
11/15/17,1.48605E+13,5.64684E+12,2.05073E+13
11/14/17,1.48456E+13,5.658E+12,2.05036E+13
11/13/17,1.48454E+13,5.65248E+12,2.04979E+13
11/10/17,1.48448E+13,5.62253E+12,2.04674E+13
11/9/17,1.4845E+13,5.65113E+12,2.04961E+13
11/8/17,1.48231E+13,5.64891E+12,2.04721E+13
11/7/17,1.4823E+13,5.65921E+12,2.04823E+13
11/6/17,1.48222E+13,5.65268E+12,2.04749E+13
11/3/17,1.48216E+13,5.64743E+12,2.0469E+13
11/2/17,1.48216E+13,5.66331E+12,2.04849E+13
11/1/17,1.47998E+13,5.65344E+12,2.04533E+13
10/31/17,1.47514E+13,5.69103E+12,2.04425E+13
10/30/17,1.47721E+13,5.68126E+12,2.04534E+13
10/27/17,1.47718E+13,5.68238E+12,2.04541E+13
10/26/17,1.47708E+13,5.68244E+12,2.04532E+13
10/25/17,1.47524E+13,5.68728E+12,2.04397E+13
10/24/17,1.47522E+13,5.69123E+12,2.04435E+13
10/23/17,1.47518E+13,5.6838E+12,2.04356E+13
10/20/17,1.47515E+13,5.68049E+12,2.0432E+13
10/19/17,1.47515E+13,5.68193E+12,2.04334E+13
10/18/17,1.47397E+13,5.68367E+12,2.04234E+13
10/17/17,1.47396E+13,5.69383E+12,2.04334E+13
10/16/17,1.47392E+13,5.68373E+12,2.0423E+13
10/13/17,1.4709E+13,5.67519E+12,2.03842E+13
10/12/17,1.47092E+13,5.67302E+12,2.03822E+13
10/11/17,1.47032E+13,5.67226E+12,2.03755E+13
10/10/17,1.47025E+13,5.68066E+12,2.03832E+13
10/6/17,1.47021E+13,5.67118E+12,2.03732E+13
10/5/17,1.46999E+13,5.67129E+12,2.03712E+13
10/4/17,1.46786E+13,5.66803E+12,2.03466E+13
10/3/17,1.46786E+13,5.66515E+12,2.03438E+13
10/2/17,1.46795E+13,5.66831E+12,2.03478E+13
9/29/17,1.46734E+13,5.57147E+12,2.02449E+13
9/28/17,1.46492E+13,5.55447E+12,2.02037E+13
9/27/17,1.46323E+13,5.55665E+12,2.01889E+13
9/26/17,1.46325E+13,5.56825E+12,2.02007E+13
9/25/17,1.46301E+13,5.56012E+12,2.01902E+13
9/22/17,1.46303E+13,5.55165E+12,2.0182E+13
9/21/17,1.46284E+13,5.55139E+12,2.01798E+13
9/20/17,1.46151E+13,5.54968E+12,2.01648E+13
9/19/17,1.46134E+13,5.55977E+12,2.01732E+13
9/18/17,1.46118E+13,5.54859E+12,2.01604E+13
9/15/17,1.4611E+13,5.54253E+12,2.01536E+13
9/14/17,1.46273E+13,5.53821E+12,2.01655E+13
9/13/17,1.46243E+13,5.53569E+12,2.016E+13
9/12/17,1.46244E+13,5.54907E+12,2.01735E+13
9/11/17,1.46242E+13,5.54145E+12,2.01657E+13
9/8/17,1.46227E+13,5.53952E+12,2.01622E+13
9/7/17,1.44101E+13,5.43451E+12,1.98446E+13
9/6/17,1.44113E+13,5.43303E+12,1.98443E+13
9/5/17,1.44187E+13,5.4257E+12,1.98444E+13
9/1/17,1.44283E+13,5.41637E+12,1.98446E+13
8/31/17,1.43816E+13,5.46297E+12,1.98445E+13
8/30/17,1.43933E+13,5.45149E+12,1.98448E+13
8/29/17,1.43886E+13,5.45624E+12,1.98448E+13
8/28/17,1.43944E+13,5.45048E+12,1.98449E+13
8/25/17,1.43975E+13,5.44757E+12,1.9845E+13
8/24/17,1.43988E+13,5.44633E+12,1.98451E+13
8/23/17,1.43965E+13,5.44839E+12,1.98448E+13
8/22/17,1.43854E+13,5.45953E+12,1.98449E+13
8/21/17,1.43912E+13,5.45375E+12,1.9845E+13
8/18/17,1.43943E+13,5.45086E+12,1.98451E+13
8/17/17,1.43939E+13,5.45126E+12,1.98452E+13
8/16/17,1.43988E+13,5.4459E+12,1.98447E+13
8/15/17,1.43876E+13,5.45712E+12,1.98447E+13
8/14/17,1.43978E+13,5.447E+12,1.98448E+13
8/11/17,1.4401E+13,5.44396E+12,1.9845E+13
8/10/17,1.43986E+13,5.44647E+12,1.9845E+13
8/9/17,1.44E+13,5.44479E+12,1.98447E+13
8/8/17,1.43859E+13,5.45893E+12,1.98448E+13
8/7/17,1.4394E+13,5.45084E+12,1.98449E+13
8/4/17,1.43971E+13,5.44796E+12,1.9845E+13
8/3/17,1.43985E+13,5.4466E+12,1.98451E+13
8/2/17,1.43856E+13,5.4592E+12,1.98448E+13
8/1/17,1.43934E+13,5.45142E+12,1.98449E+13
7/31/17,1.43609E+13,5.48396E+12,1.98449E+13
7/28/17,1.43754E+13,5.46951E+12,1.98449E+13
7/27/17,1.43584E+13,5.48655E+12,1.98449E+13
7/26/17,1.43557E+13,5.48897E+12,1.98447E+13
7/25/17,1.43454E+13,5.49927E+12,1.98447E+13
7/24/17,1.4355E+13,5.48981E+12,1.98448E+13
7/21/17,1.43571E+13,5.48779E+12,1.98449E+13
7/20/17,1.43577E+13,5.4873E+12,1.9845E+13
7/19/17,1.43605E+13,5.48397E+12,1.98445E+13
7/18/17,1.43473E+13,5.49726E+12,1.98445E+13
7/17/17,1.43589E+13,5.48567E+12,1.98446E+13
7/14/17,1.43644E+13,5.48031E+12,1.98447E+13
7/13/17,1.43634E+13,5.48132E+12,1.98448E+13
7/12/17,1.43649E+13,5.47961E+12,1.98445E+13
7/11/17,1.43523E+13,5.49229E+12,1.98445E+13
7/10/17,1.43588E+13,5.4858E+12,1.98446E+13
7/7/17,1.436E+13,5.48478E+12,1.98447E+13
7/6/17,1.43628E+13,5.48199E+12,1.98448E+13
7/5/17,1.43633E+13,5.4812E+12,1.98445E+13
7/3/17,1.43777E+13,5.46689E+12,1.98446E+13
6/30/17,1.43662E+13,5.47837E+12,1.98446E+13
6/29/17,1.43079E+13,5.53844E+12,1.98463E+13
6/28/17,1.43069E+13,5.53921E+12,1.98461E+13
6/27/17,1.4292E+13,5.55409E+12,1.98461E+13
6/26/17,1.42971E+13,5.54909E+12,1.98462E+13
6/23/17,1.43061E+13,5.54026E+12,1.98463E+13
6/22/17,1.43066E+13,5.53975E+12,1.98464E+13
6/21/17,1.43073E+13,5.53853E+12,1.98459E+13
6/20/17,1.42969E+13,5.549E+12,1.98459E+13
6/19/17,1.43053E+13,5.54066E+12,1.9846E+13
6/16/17,1.43134E+13,5.53267E+12,1.98461E+13
6/15/17,1.4315E+13,5.53117E+12,1.98462E+13
6/14/17,1.43226E+13,5.52334E+12,1.98459E+13
6/13/17,1.43102E+13,5.53578E+12,1.98459E+13
6/12/17,1.43171E+13,5.52885E+12,1.9846E+13
6/9/17,1.43186E+13,5.52752E+12,1.98461E+13
6/8/17,1.43192E+13,5.52703E+12,1.98462E+13
6/7/17,1.43298E+13,5.51614E+12,1.98459E+13
6/6/17,1.43294E+13,5.51661E+12,1.9846E+13
6/5/17,1.43372E+13,5.50877E+12,1.9846E+13
6/2/17,1.43428E+13,5.50337E+12,1.98462E+13
6/1/17,1.43286E+13,5.51759E+12,1.98462E+13
5/31/17,1.4299E+13,5.54697E+12,1.98459E+13
5/30/17,1.43128E+13,5.5334E+12,1.98462E+13
5/26/17,1.43117E+13,5.53471E+12,1.98464E+13
5/25/17,1.43107E+13,5.53571E+12,1.98464E+13
5/24/17,1.43105E+13,5.53549E+12,1.98459E+13
5/23/17,1.43019E+13,5.54409E+12,1.9846E+13
5/22/17,1.43091E+13,5.53692E+12,1.9846E+13
5/19/17,1.43132E+13,5.533E+12,1.98462E+13
5/18/17,1.43113E+13,5.53492E+12,1.98462E+13
5/17/17,1.43092E+13,5.53679E+12,1.9846E+13
5/16/17,1.43007E+13,5.54531E+12,1.9846E+13
5/15/17,1.4307E+13,5.53909E+12,1.98461E+13
5/12/17,1.43105E+13,5.53565E+12,1.98462E+13
5/11/17,1.4311E+13,5.53526E+12,1.98462E+13
5/10/17,1.43129E+13,5.53308E+12,1.9846E+13
5/9/17,1.42994E+13,5.54659E+12,1.9846E+13
5/8/17,1.43051E+13,5.54101E+12,1.98461E+13
5/5/17,1.43114E+13,5.53482E+12,1.98462E+13
5/4/17,1.43116E+13,5.5346E+12,1.98462E+13
5/3/17,1.43186E+13,5.52741E+12,1.9846E+13
5/2/17,1.43053E+13,5.54076E+12,1.9846E+13
5/1/17,1.43233E+13,5.5228E+12,1.98461E+13
4/28/17,1.42933E+13,5.55278E+12,1.98461E+13
4/27/17,1.4298E+13,5.54851E+12,1.98465E+13
4/26/17,1.43022E+13,5.54384E+12,1.9846E+13
4/25/17,1.42941E+13,5.55194E+12,1.98461E+13
4/24/17,1.43047E+13,5.5414E+12,1.98461E+13
4/21/17,1.43164E+13,5.5298E+12,1.98463E+13
4/20/17,1.43195E+13,5.52678E+12,1.98463E+13
4/19/17,1.43236E+13,5.52244E+12,1.98461E+13
4/18/17,1.4324E+13,5.52206E+12,1.98461E+13
4/17/17,1.43308E+13,5.51538E+12,1.98461E+13
4/14/17,1.43521E+13,5.49417E+12,1.98463E+13
4/13/17,1.4353E+13,5.49329E+12,1.98463E+13
4/12/17,1.43557E+13,5.49042E+12,1.98461E+13
4/11/17,1.43438E+13,5.50228E+12,1.98461E+13
4/10/17,1.43515E+13,5.49469E+12,1.98462E+13
4/7/17,1.43584E+13,5.48791E+12,1.98463E+13
4/6/17,1.43578E+13,5.4885E+12,1.98463E+13
4/5/17,1.43624E+13,5.48371E+12,1.98461E+13
4/4/17,1.43625E+13,5.48368E+12,1.98461E+13
4/3/17,1.43794E+13,5.46701E+12,1.98464E+13
3/31/17,1.43697E+13,5.47674E+12,1.98464E+13
3/30/17,1.43485E+13,5.49775E+12,1.98463E+13
3/29/17,1.43497E+13,5.49609E+12,1.98458E+13
3/28/17,1.43473E+13,5.49856E+12,1.98459E+13
3/27/17,1.43534E+13,5.49254E+12,1.98459E+13
3/24/17,1.43605E+13,5.48555E+12,1.9846E+13
3/23/17,1.43593E+13,5.4867E+12,1.9846E+13
3/22/17,1.43629E+13,5.48294E+12,1.98458E+13
3/21/17,1.43499E+13,5.49594E+12,1.98459E+13
3/20/17,1.43552E+13,5.49073E+12,1.98459E+13
3/17/17,1.43571E+13,5.48891E+12,1.9846E+13
3/16/17,1.43637E+13,5.48237E+12,1.9846E+13
3/15/17,1.43407E+13,5.5051E+12,1.98458E+13
3/14/17,1.43848E+13,5.51783E+12,1.99026E+13
3/13/17,1.43496E+13,5.5084E+12,1.9858E+13
3/10/17,1.43491E+13,5.50449E+12,1.98536E+13
3/9/17,1.43498E+13,5.50589E+12,1.98557E+13
3/8/17,1.43749E+13,5.50425E+12,1.98791E+13
3/7/17,1.43741E+13,5.51572E+12,1.98899E+13
3/6/17,1.43737E+13,5.50936E+12,1.9883E+13
3/3/17,1.43732E+13,5.50525E+12,1.98785E+13
3/2/17,1.43735E+13,5.5215E+12,1.9895E+13
3/1/17,1.44084E+13,5.51206E+12,1.99204E+13
2/28/17,1.44114E+13,5.54821E+12,1.99596E+13
2/27/17,1.43968E+13,5.53444E+12,1.99312E+13
2/24/17,1.43968E+13,5.53334E+12,1.99301E+13
2/23/17,1.43841E+13,5.52982E+12,1.99139E+13
2/22/17,1.44047E+13,5.53116E+12,1.99359E+13
2/21/17,1.44036E+13,5.53171E+12,1.99353E+13
2/17/17,1.44034E+13,5.52909E+12,1.99325E+13
2/16/17,1.44034E+13,5.52319E+12,1.99266E+13
2/15/17,1.44173E+13,5.52003E+12,1.99374E+13
2/14/17,1.4404E+13,5.52867E+12,1.99327E+13
2/13/17,1.44025E+13,5.52176E+12,1.99242E+13
2/10/17,1.44025E+13,5.51854E+12,1.99211E+13
2/9/17,1.44024E+13,5.51991E+12,1.99223E+13
2/8/17,1.43661E+13,5.51854E+12,1.98846E+13
2/7/17,1.43654E+13,5.5304E+12,1.98958E+13
2/6/17,1.43653E+13,5.52507E+12,1.98903E+13
2/3/17,1.43652E+13,5.52066E+12,1.98859E+13
2/2/17,1.43661E+13,5.5367E+12,1.99028E+13
2/1/17,1.4376E+13,5.52402E+12,1.99E+13
1/31/17,1.43761E+13,5.56112E+12,1.99373E+13
1/30/17,1.43871E+13,5.55269E+12,1.99398E+13
1/27/17,1.43873E+13,5.55175E+12,1.9939E+13
1/26/17,1.43872E+13,5.55271E+12,1.99399E+13
1/25/17,1.44038E+13,5.54677E+12,1.99506E+13
1/24/17,1.44036E+13,5.55454E+12,1.99581E+13
1/23/17,1.44034E+13,5.54633E+12,1.99497E+13
1/20/17,1.44037E+13,5.5436E+12,1.99473E+13
1/19/17,1.44038E+13,5.54066E+12,1.99444E+13
1/18/17,1.44239E+13,5.53753E+12,1.99615E+13
1/17/17,1.44236E+13,5.5364E+12,1.996E+13
1/13/17,1.44165E+13,5.52409E+12,1.99406E+13
1/12/17,1.44169E+13,5.52491E+12,1.99418E+13
1/11/17,1.44282E+13,5.52352E+12,1.99518E+13
1/10/17,1.44283E+13,5.53597E+12,1.99643E+13
1/9/17,1.4428E+13,5.52734E+12,1.99553E+13
1/6/17,1.44279E+13,5.5249E+12,1.99528E+13
1/5/17,1.4428E+13,5.52043E+12,1.99485E+13
1/4/17,1.44342E+13,5.51823E+12,1.99524E+13
1/3/17,1.44339E+13,5.50116E+12,1.9935E+13
12/30/16,1.44348E+13,5.54199E+12,1.99768E+13
12/29/16,1.44076E+13,5.47156E+12,1.98792E+13
12/28/16,1.44059E+13,5.47354E+12,1.98794E+13
12/27/16,1.44065E+13,5.48423E+12,1.98907E+13
12/23/16,1.4407E+13,5.48021E+12,1.98872E+13
12/22/16,1.44069E+13,5.47056E+12,1.98774E+13
12/21/16,1.44103E+13,5.468E+12,1.98783E+13
12/20/16,1.44097E+13,5.47989E+12,1.98896E+13
12/19/16,1.44093E+13,5.47341E+12,1.98827E+13
12/16/16,1.44098E+13,5.46628E+12,1.9876E+13
12/15/16,1.441E+13,5.46536E+12,1.98753E+13
12/14/16,1.44081E+13,5.46337E+12,1.98715E+13
12/13/16,1.44078E+13,5.47648E+12,1.98843E+13
12/12/16,1.44079E+13,5.47085E+12,1.98787E+13
12/9/16,1.4408E+13,5.46836E+12,1.98764E+13
12/8/16,1.44079E+13,5.46951E+12,1.98774E+13
12/7/16,1.44254E+13,5.46573E+12,1.98912E+13
12/6/16,1.44252E+13,5.46713E+12,1.98924E+13
12/5/16,1.44245E+13,5.46104E+12,1.98856E+13
12/2/16,1.44246E+13,5.45658E+12,1.98812E+13
12/1/16,1.4427E+13,5.47459E+12,1.99015E+13
11/30/16,1.44437E+13,5.50436E+12,1.99481E+13
11/29/16,1.44314E+13,5.49927E+12,1.99307E+13
11/28/16,1.44311E+13,5.49807E+12,1.99292E+13
11/25/16,1.44311E+13,5.49697E+12,1.99281E+13
11/23/16,1.44074E+13,5.49061E+12,1.9898E+13
11/22/16,1.44072E+13,5.50038E+12,1.99075E+13
11/21/16,1.44065E+13,5.49251E+12,1.9899E+13
11/18/16,1.44065E+13,5.48943E+12,1.9896E+13
11/17/16,1.44064E+13,5.49073E+12,1.98972E+13
11/16/16,1.43726E+13,5.48519E+12,1.98578E+13
11/15/16,1.43712E+13,5.49595E+12,1.98671E+13
11/14/16,1.43709E+13,5.47128E+12,1.98422E+13
11/10/16,1.43714E+13,5.46918E+12,1.98406E+13
11/9/16,1.43241E+13,5.46959E+12,1.97937E+13
11/8/16,1.43234E+13,5.48283E+12,1.98062E+13
11/7/16,1.43224E+13,5.47422E+12,1.97966E+13
11/4/16,1.43215E+13,5.46928E+12,1.97908E+13
11/3/16,1.43202E+13,5.46996E+12,1.97901E+13
11/2/16,1.42871E+13,5.48253E+12,1.97696E+13
11/1/16,1.42848E+13,5.47521E+12,1.97601E+13
10/31/16,1.42865E+13,5.51921E+12,1.98057E+13
10/28/16,1.431E+13,5.51053E+12,1.98205E+13
10/27/16,1.43101E+13,5.51477E+12,1.98249E+13
10/26/16,1.4282E+13,5.51347E+12,1.97955E+13
10/25/16,1.42813E+13,5.52724E+12,1.98085E+13
10/24/16,1.42806E+13,5.50742E+12,1.9788E+13
10/21/16,1.42806E+13,5.50584E+12,1.97864E+13
10/20/16,1.42803E+13,5.50528E+12,1.97856E+13
10/19/16,1.42511E+13,5.50314E+12,1.97543E+13
10/18/16,1.42508E+13,5.5158E+12,1.97666E+13
10/17/16,1.42504E+13,5.5052E+12,1.97556E+13
10/14/16,1.42249E+13,5.49669E+12,1.97216E+13
10/13/16,1.4225E+13,5.49582E+12,1.97208E+13
10/12/16,1.41925E+13,5.49621E+12,1.96887E+13
10/11/16,1.41917E+13,5.50259E+12,1.96943E+13
10/7/16,1.4192E+13,5.4954E+12,1.96874E+13
10/6/16,1.4192E+13,5.49677E+12,1.96888E+13
10/5/16,1.41709E+13,5.49251E+12,1.96634E+13
10/4/16,1.41706E+13,5.48885E+12,1.96595E+13
10/3/16,1.41696E+13,5.47339E+12,1.96429E+13
9/30/16,1.41734E+13,5.40002E+12,1.95734E+13
9/29/16,1.41489E+13,5.38397E+12,1.95329E+13
9/28/16,1.41345E+13,5.38547E+12,1.95199E+13
9/27/16,1.41339E+13,5.40294E+12,1.95369E+13
9/26/16,1.41335E+13,5.39605E+12,1.95296E+13
9/23/16,1.41337E+13,5.39107E+12,1.95248E+13
9/22/16,1.41333E+13,5.38619E+12,1.95195E+13
9/21/16,1.41355E+13,5.38193E+12,1.95175E+13
9/20/16,1.4134E+13,5.39032E+12,1.95243E+13
9/19/16,1.41339E+13,5.38422E+12,1.95181E+13
9/16/16,1.41341E+13,5.37684E+12,1.95109E+13
9/15/16,1.41342E+13,5.37405E+12,1.95082E+13
9/14/16,1.41136E+13,5.3669E+12,1.94805E+13
9/13/16,1.41136E+13,5.37968E+12,1.94933E+13
9/12/16,1.41118E+13,5.3729E+12,1.94847E+13
9/9/16,1.41126E+13,5.37013E+12,1.94827E+13
9/8/16,1.41126E+13,5.36949E+12,1.94821E+13
9/7/16,1.41113E+13,5.36821E+12,1.94795E+13
9/6/16,1.41097E+13,5.36423E+12,1.94739E+13
9/2/16,1.41102E+13,5.3602E+12,1.94704E+13
9/1/16,1.41097E+13,5.37192E+12,1.94816E+13
8/31/16,1.41041E+13,5.40618E+12,1.95103E+13
8/30/16,1.40889E+13,5.40318E+12,1.94921E+13
8/29/16,1.40879E+13,5.39826E+12,1.94862E+13
8/26/16,1.40878E+13,5.39604E+12,1.94838E+13
8/25/16,1.40747E+13,5.39754E+12,1.94722E+13
8/24/16,1.40499E+13,5.39306E+12,1.94429E+13
8/23/16,1.40485E+13,5.40643E+12,1.94549E+13
8/22/16,1.40481E+13,5.39792E+12,1.9446E+13
8/19/16,1.40477E+13,5.39554E+12,1.94433E+13
8/18/16,1.40477E+13,5.39743E+12,1.94451E+13
8/17/16,1.40264E+13,5.39537E+12,1.94218E+13
8/16/16,1.40249E+13,5.40321E+12,1.94281E+13
8/15/16,1.40241E+13,5.39605E+12,1.94202E+13
8/12/16,1.40129E+13,5.39009E+12,1.9403E+13
8/11/16,1.40128E+13,5.39155E+12,1.94044E+13
8/10/16,1.39879E+13,5.38978E+12,1.93776E+13
8/9/16,1.39875E+13,5.40324E+12,1.93907E+13
8/8/16,1.3987E+13,5.39853E+12,1.93856E+13
8/5/16,1.39868E+13,5.3933E+12,1.93801E+13
8/4/16,1.39867E+13,5.39288E+12,1.93796E+13
8/3/16,1.39702E+13,5.38913E+12,1.93593E+13
8/2/16,1.39698E+13,5.40439E+12,1.93742E+13
8/1/16,1.39685E+13,5.39023E+12,1.93587E+13
7/29/16,1.39982E+13,5.42947E+12,1.94277E+13
7/28/16,1.39862E+13,5.42612E+12,1.94123E+13
7/27/16,1.39766E+13,5.42632E+12,1.94029E+13
7/26/16,1.39759E+13,5.43923E+12,1.94151E+13
7/25/16,1.39752E+13,5.43194E+12,1.94072E+13
7/22/16,1.39749E+13,5.42541E+12,1.94003E+13
7/21/16,1.39748E+13,5.42576E+12,1.94006E+13
7/20/16,1.39693E+13,5.42237E+12,1.93917E+13
7/19/16,1.39688E+13,5.43357E+12,1.94024E+13
7/18/16,1.39683E+13,5.42283E+12,1.93911E+13
7/15/16,1.39676E+13,5.41846E+12,1.93861E+13
7/14/16,1.39641E+13,5.41645E+12,1.93806E+13
7/13/16,1.39468E+13,5.41452E+12,1.93613E+13
7/12/16,1.3946E+13,5.42689E+12,1.93729E+13
7/11/16,1.39446E+13,5.42241E+12,1.9367E+13
7/8/16,1.3944E+13,5.418E+12,1.9362E+13
7/7/16,1.3944E+13,5.41618E+12,1.93602E+13
7/6/16,1.39281E+13,5.41543E+12,1.93435E+13
7/5/16,1.39272E+13,5.40052E+12,1.93277E+13
7/1/16,1.39261E+13,5.39084E+12,1.93169E+13
6/30/16,1.39327E+13,5.44885E+12,1.93816E+13
6/29/16,1.39093E+13,5.37403E+12,1.92833E+13
6/28/16,1.3909E+13,5.37539E+12,1.92844E+13
6/27/16,1.39088E+13,5.37048E+12,1.92793E+13
6/24/16,1.39079E+13,5.37001E+12,1.92779E+13
6/23/16,1.38944E+13,5.3654E+12,1.92598E+13
6/22/16,1.38956E+13,5.3568E+12,1.92524E+13
6/21/16,1.38948E+13,5.3709E+12,1.92657E+13
6/20/16,1.38941E+13,5.36258E+12,1.92567E+13
6/17/16,1.38938E+13,5.35922E+12,1.9253E+13
6/16/16,1.38935E+13,5.35474E+12,1.92482E+13
6/15/16,1.38971E+13,5.34851E+12,1.92456E+13
6/14/16,1.38742E+13,5.35584E+12,1.92301E+13
6/13/16,1.38733E+13,5.34893E+12,1.92223E+13
6/10/16,1.38729E+13,5.34598E+12,1.92189E+13
6/9/16,1.38726E+13,5.34688E+12,1.92195E+13
6/8/16,1.38827E+13,5.34757E+12,1.92303E+13
6/7/16,1.38824E+13,5.34601E+12,1.92284E+13
6/6/16,1.38811E+13,5.33941E+12,1.92205E+13
6/3/16,1.38796E+13,5.33495E+12,1.92145E+13
6/2/16,1.38792E+13,5.3501E+12,1.92293E+13
6/1/16,1.38843E+13,5.34636E+12,1.92306E+13
5/31/16,1.38863E+13,5.37915E+12,1.92655E+13
5/27/16,1.38573E+13,5.36911E+12,1.92264E+13
5/26/16,1.38427E+13,5.37343E+12,1.92161E+13
5/25/16,1.38421E+13,5.37202E+12,1.92141E+13
5/24/16,1.38413E+13,5.38171E+12,1.9223E+13
5/23/16,1.38407E+13,5.37177E+12,1.92125E+13
5/20/16,1.38402E+13,5.36964E+12,1.92098E+13
5/19/16,1.38401E+13,5.37235E+12,1.92125E+13
5/18/16,1.3837E+13,5.36956E+12,1.92065E+13
5/17/16,1.3836E+13,5.382E+12,1.9218E+13
5/16/16,1.3835E+13,5.37195E+12,1.9207E+13
5/13/16,1.38328E+13,5.36712E+12,1.91999E+13
5/12/16,1.38328E+13,5.36737E+12,1.92002E+13
5/11/16,1.38293E+13,5.36407E+12,1.91934E+13
5/10/16,1.38285E+13,5.37601E+12,1.92045E+13
5/9/16,1.38273E+13,5.37023E+12,1.91975E+13
5/6/16,1.3827E+13,5.36301E+12,1.91901E+13
5/5/16,1.38269E+13,5.36118E+12,1.91881E+13
5/4/16,1.38322E+13,5.35441E+12,1.91867E+13
5/3/16,1.38316E+13,5.34017E+12,1.91718E+13
5/2/16,1.38312E+13,5.33882E+12,1.917E+13
4/29/16,1.38412E+13,5.34619E+12,1.91874E+13
4/28/16,1.38244E+13,5.36185E+12,1.91862E+13
4/27/16,1.38457E+13,5.36374E+12,1.92094E+13
4/26/16,1.38448E+13,5.37383E+12,1.92187E+13
4/25/16,1.38443E+13,5.36605E+12,1.92103E+13
4/22/16,1.38444E+13,5.35381E+12,1.91982E+13
4/21/16,1.38443E+13,5.35251E+12,1.91968E+13
4/20/16,1.38681E+13,5.34757E+12,1.92157E+13
4/19/16,1.38658E+13,5.35602E+12,1.92218E+13
4/18/16,1.38657E+13,5.34263E+12,1.92083E+13
4/15/16,1.38655E+13,5.33818E+12,1.92036E+13
4/14/16,1.3882E+13,5.32121E+12,1.92032E+13
4/13/16,1.39025E+13,5.3188E+12,1.92213E+13
4/12/16,1.39031E+13,5.33091E+12,1.9234E+13
4/11/16,1.39025E+13,5.32377E+12,1.92262E+13
4/8/16,1.39031E+13,5.32009E+12,1.92232E+13
4/7/16,1.39029E+13,5.31829E+12,1.92212E+13
4/6/16,1.3924E+13,5.31493E+12,1.92389E+13
4/5/16,1.39231E+13,5.31395E+12,1.92371E+13
4/4/16,1.3922E+13,5.30601E+12,1.9228E+13
4/1/16,1.39217E+13,5.29684E+12,1.92185E+13
3/31/16,1.39249E+13,5.34006E+12,1.92649E+13
3/30/16,1.38996E+13,5.3333E+12,1.9233E+13
3/29/16,1.39003E+13,5.33544E+12,1.92357E+13
3/28/16,1.38996E+13,5.33053E+12,1.92301E+13
3/25/16,1.38867E+13,5.32821E+12,1.92149E+13
3/24/16,1.38867E+13,5.32497E+12,1.92117E+13
3/23/16,1.38723E+13,5.32832E+12,1.92006E+13
3/22/16,1.3872E+13,5.33933E+12,1.92113E+13
3/21/16,1.38718E+13,5.33382E+12,1.92056E+13
3/18/16,1.38717E+13,5.33128E+12,1.9203E+13
3/17/16,1.38721E+13,5.31613E+12,1.91882E+13
3/16/16,1.38448E+13,5.30663E+12,1.91514E+13
3/15/16,1.38444E+13,5.31744E+12,1.91619E+13
3/14/16,1.38197E+13,5.30897E+12,1.91287E+13
3/11/16,1.3819E+13,5.30533E+12,1.91243E+13
3/10/16,1.38189E+13,5.3064E+12,1.91253E+13
3/9/16,1.37951E+13,5.30507E+12,1.91002E+13
3/8/16,1.37948E+13,5.31808E+12,1.91129E+13
3/7/16,1.37948E+13,5.303E+12,1.90978E+13
3/4/16,1.37939E+13,5.29962E+12,1.90935E+13
3/3/16,1.37939E+13,5.29927E+12,1.90932E+13
3/2/16,1.37832E+13,5.31436E+12,1.90975E+13
3/1/16,1.37833E+13,5.30754E+12,1.90909E+13
2/29/16,1.37852E+13,5.34027E+12,1.91255E+13
2/26/16,1.37505E+13,5.32957E+12,1.90801E+13
2/25/16,1.37371E+13,5.33358E+12,1.90707E+13
2/24/16,1.37208E+13,5.33339E+12,1.90542E+13
2/23/16,1.37203E+13,5.3446E+12,1.90649E+13
2/22/16,1.37201E+13,5.33328E+12,1.90534E+13
2/19/16,1.37207E+13,5.33167E+12,1.90524E+13
2/18/16,1.37207E+13,5.32647E+12,1.90471E+13
2/17/16,1.37023E+13,5.32666E+12,1.9029E+13
2/16/16,1.37018E+13,5.3282E+12,1.903E+13
2/12/16,1.36948E+13,5.32173E+12,1.90165E+13
2/11/16,1.36947E+13,5.32161E+12,1.90163E+13
2/10/16,1.36712E+13,5.32011E+12,1.89913E+13
2/9/16,1.36712E+13,5.33413E+12,1.90054E+13
2/8/16,1.36712E+13,5.32906E+12,1.90002E+13
2/5/16,1.36717E+13,5.32469E+12,1.89964E+13
2/4/16,1.36718E+13,5.3249E+12,1.89967E+13
2/3/16,1.3654E+13,5.32124E+12,1.89752E+13
2/2/16,1.36542E+13,5.33808E+12,1.89923E+13
2/1/16,1.36536E+13,5.32209E+12,1.89757E+13
1/29/16,1.36572E+13,5.35567E+12,1.90128E+13
1/28/16,1.36424E+13,5.34739E+12,1.89898E+13
1/27/16,1.36192E+13,5.34338E+12,1.89626E+13
1/26/16,1.36194E+13,5.34897E+12,1.89683E+13
1/25/16,1.36183E+13,5.34371E+12,1.8962E+13
1/22/16,1.36181E+13,5.3435E+12,1.89616E+13
1/21/16,1.36181E+13,5.34077E+12,1.89588E+13
1/20/16,1.36052E+13,5.33618E+12,1.89414E+13
1/19/16,1.36048E+13,5.33588E+12,1.89406E+13
1/15/16,1.36049E+13,5.32973E+12,1.89346E+13
1/14/16,1.35996E+13,5.32392E+12,1.89236E+13
1/13/16,1.36345E+13,5.32127E+12,1.89558E+13
1/12/16,1.36345E+13,5.26322E+12,1.88977E+13
1/11/16,1.36345E+13,5.25732E+12,1.88919E+13
1/8/16,1.36351E+13,5.25352E+12,1.88886E+13
1/7/16,1.3635E+13,5.25291E+12,1.88879E+13
1/6/16,1.367E+13,5.24835E+12,1.89184E+13
1/5/16,1.36706E+13,5.24786E+12,1.89184E+13
1/4/16,1.36695E+13,5.23143E+12,1.89009E+13
12/31/15,1.36725E+13,5.24966E+12,1.89222E+13
12/30/15,1.36227E+13,5.20233E+12,1.88251E+13
12/29/15,1.3622E+13,5.20211E+12,1.88241E+13
12/28/15,1.36213E+13,5.1974E+12,1.88187E+13
12/24/15,1.36081E+13,5.19477E+12,1.88029E+13
12/23/15,1.36032E+13,5.19211E+12,1.87953E+13
12/22/15,1.3603E+13,5.20437E+12,1.88074E+13
12/21/15,1.36022E+13,5.19605E+12,1.87982E+13
12/18/15,1.36023E+13,5.19273E+12,1.8795E+13
12/17/15,1.36024E+13,5.19389E+12,1.87963E+13
12/16/15,1.36007E+13,5.18741E+12,1.87881E+13
12/15/15,1.36006E+13,5.19757E+12,1.87982E+13
12/14/15,1.35761E+13,5.19158E+12,1.87676E+13
12/11/15,1.35762E+13,5.18873E+12,1.87649E+13
12/10/15,1.35764E+13,5.18569E+12,1.87621E+13
12/9/15,1.35873E+13,5.18781E+12,1.87751E+13
12/8/15,1.35877E+13,5.2014E+12,1.87891E+13
12/7/15,1.3587E+13,5.20222E+12,1.87892E+13
12/4/15,1.35878E+13,5.19903E+12,1.87868E+13
12/3/15,1.3588E+13,5.20001E+12,1.8788E+13
12/2/15,1.35865E+13,5.21627E+12,1.88027E+13
12/1/15,1.3586E+13,5.21183E+12,1.87978E+13
11/30/15,1.3589E+13,5.23833E+12,1.88273E+13
11/27/15,1.35512E+13,5.2313E+12,1.87825E+13
11/25/15,1.3488E+13,5.23161E+12,1.87196E+13
11/24/15,1.34882E+13,5.24203E+12,1.87302E+13
11/23/15,1.34876E+13,5.23518E+12,1.87227E+13
11/20/15,1.34875E+13,5.23331E+12,1.87208E+13
11/19/15,1.3486E+13,5.23218E+12,1.87182E+13
11/18/15,1.34254E+13,5.23291E+12,1.86583E+13
11/17/15,1.34252E+13,5.24479E+12,1.867E+13
11/16/15,1.34253E+13,5.23518E+12,1.86605E+13
11/13/15,1.34226E+13,5.23093E+12,1.86535E+13
11/12/15,1.34227E+13,5.22634E+12,1.8649E+13
11/10/15,1.3378E+13,5.22738E+12,1.86054E+13
11/9/15,1.33778E+13,5.23696E+12,1.86148E+13
11/6/15,1.33782E+13,5.23164E+12,1.86099E+13
11/5/15,1.33783E+13,5.2315E+12,1.86098E+13
11/4/15,1.33041E+13,5.2287E+12,1.85329E+13
11/3/15,1.33046E+13,5.2277E+12,1.85323E+13
11/2/15,1.32596E+13,5.23249E+12,1.84921E+13
10/30/15,1.30607E+13,5.09232E+12,1.8153E+13
10/29/15,1.30409E+13,5.11164E+12,1.81526E+13
10/28/15,1.3042E+13,5.11057E+12,1.81526E+13
10/27/15,1.30278E+13,5.12475E+12,1.81526E+13
10/26/15,1.30341E+13,5.11853E+12,1.81526E+13
10/23/15,1.30354E+13,5.11724E+12,1.81526E+13
10/22/15,1.30347E+13,5.11796E+12,1.81527E+13
10/21/15,1.30428E+13,5.10987E+12,1.81526E+13
10/20/15,1.30338E+13,5.11885E+12,1.81527E+13
10/19/15,1.3035E+13,5.11771E+12,1.81527E+13
10/16/15,1.30404E+13,5.11227E+12,1.81527E+13
10/15/15,1.30438E+13,5.10887E+12,1.81527E+13
10/14/15,1.30464E+13,5.10405E+12,1.81505E+13
10/13/15,1.30465E+13,5.10397E+12,1.81505E+13
10/9/15,1.30468E+13,5.10375E+12,1.81505E+13
10/8/15,1.30467E+13,5.10384E+12,1.81505E+13
10/7/15,1.306E+13,5.09057E+12,1.81505E+13
10/6/15,1.30598E+13,5.09074E+12,1.81506E+13
10/5/15,1.306E+13,5.0906E+12,1.81506E+13
10/2/15,1.30614E+13,5.08919E+12,1.81506E+13
10/1/15,1.30593E+13,5.09135E+12,1.81506E+13
9/30/15,1.31238E+13,5.02677E+12,1.81506E+13
9/29/15,1.31387E+13,5.01236E+12,1.8151E+13
9/28/15,1.31427E+13,5.00829E+12,1.8151E+13
9/25/15,1.31426E+13,5.00847E+12,1.81511E+13
9/24/15,1.31403E+13,5.01077E+12,1.81511E+13
9/23/15,1.31449E+13,5.00614E+12,1.81511E+13
9/22/15,1.31363E+13,5.01483E+12,1.81511E+13
9/21/15,1.31434E+13,5.00766E+12,1.81511E+13
9/18/15,1.31465E+13,5.00462E+12,1.81511E+13
9/17/15,1.31456E+13,5.00551E+12,1.81511E+13
9/16/15,1.31532E+13,4.99785E+12,1.8151E+13
9/15/15,1.31451E+13,5.00597E+12,1.8151E+13
9/14/15,1.31548E+13,4.99628E+12,1.81511E+13
9/11/15,1.31569E+13,4.99417E+12,1.81511E+13
9/10/15,1.31567E+13,4.99436E+12,1.81511E+13
9/9/15,1.31562E+13,4.99486E+12,1.81511E+13
9/8/15,1.31474E+13,5.00371E+12,1.81511E+13
9/4/15,1.31517E+13,4.99949E+12,1.81511E+13
9/3/15,1.31518E+13,4.99939E+12,1.81512E+13
9/2/15,1.31429E+13,5.00823E+12,1.81511E+13
9/1/15,1.31429E+13,5.0082E+12,1.81511E+13
8/31/15,1.31198E+13,5.0314E+12,1.81512E+13
8/28/15,1.31282E+13,5.02304E+12,1.81512E+13
8/27/15,1.31239E+13,5.02733E+12,1.81512E+13
8/26/15,1.31255E+13,5.02572E+12,1.81512E+13
8/25/15,1.31132E+13,5.03809E+12,1.81512E+13
8/24/15,1.31203E+13,5.03099E+12,1.81513E+13
8/21/15,1.31211E+13,5.03018E+12,1.81513E+13
8/20/15,1.31213E+13,5.03E+12,1.81513E+13
8/19/15,1.31237E+13,5.02744E+12,1.81512E+13
8/18/15,1.31113E+13,5.0399E+12,1.81512E+13
8/17/15,1.31217E+13,5.02949E+12,1.81512E+13
8/14/15,1.31277E+13,5.0235E+12,1.81512E+13
8/13/15,1.31261E+13,5.02513E+12,1.81512E+13
8/12/15,1.3128E+13,5.02327E+12,1.81512E+13
8/11/15,1.31162E+13,5.03504E+12,1.81512E+13
8/10/15,1.31209E+13,5.03032E+12,1.81512E+13
8/7/15,1.31339E+13,5.01736E+12,1.81513E+13
8/6/15,1.31333E+13,5.01797E+12,1.81513E+13
8/5/15,1.31392E+13,5.01205E+12,1.81513E+13
8/4/15,1.31399E+13,5.01141E+12,1.81513E+13
8/3/15,1.31542E+13,4.99708E+12,1.81513E+13
7/31/15,1.3135E+13,5.01628E+12,1.81513E+13
7/30/15,1.3115E+13,5.03682E+12,1.81519E+13
7/29/15,1.30946E+13,5.05723E+12,1.81518E+13
7/28/15,1.30939E+13,5.058E+12,1.81519E+13
7/27/15,1.3098E+13,5.05391E+12,1.81519E+13
7/24/15,1.30999E+13,5.05194E+12,1.81519E+13
7/23/15,1.30998E+13,5.05213E+12,1.81519E+13
7/22/15,1.31011E+13,5.05075E+12,1.81518E+13
7/21/15,1.30889E+13,5.06291E+12,1.81518E+13
7/20/15,1.30944E+13,5.05741E+12,1.81518E+13
7/17/15,1.30972E+13,5.05466E+12,1.81519E+13
7/16/15,1.30991E+13,5.0528E+12,1.81519E+13
7/15/15,1.31065E+13,5.04533E+12,1.81519E+13
7/14/15,1.30969E+13,5.05496E+12,1.81519E+13
7/13/15,1.31012E+13,5.05065E+12,1.81519E+13
7/10/15,1.31036E+13,5.04829E+12,1.81519E+13
7/9/15,1.31026E+13,5.04932E+12,1.81519E+13
7/8/15,1.31063E+13,5.04564E+12,1.81519E+13
7/7/15,1.30936E+13,5.05829E+12,1.81519E+13
7/6/15,1.3101E+13,5.051E+12,1.8152E+13
7/3/15,1.31032E+13,5.0488E+12,1.8152E+13
7/2/15,1.31059E+13,5.04609E+12,1.8152E+13
7/1/15,1.30937E+13,5.05832E+12,1.8152E+13
6/30/15,1.30764E+13,5.07558E+12,1.8152E+13
6/29/15,1.30708E+13,5.08183E+12,1.81527E+13
6/26/15,1.30708E+13,5.08187E+12,1.81527E+13
6/25/15,1.30719E+13,5.08077E+12,1.81527E+13
6/24/15,1.30712E+13,5.08144E+12,1.81526E+13
6/23/15,1.30595E+13,5.09311E+12,1.81526E+13
6/22/15,1.30683E+13,5.08433E+12,1.81527E+13
6/19/15,1.30721E+13,5.08055E+12,1.81527E+13
6/18/15,1.30712E+13,5.08145E+12,1.81527E+13
6/17/15,1.30735E+13,5.07915E+12,1.81527E+13
6/16/15,1.30674E+13,5.08532E+12,1.81527E+13
6/15/15,1.30752E+13,5.07753E+12,1.81527E+13
6/12/15,1.30818E+13,5.07093E+12,1.81527E+13
6/11/15,1.30824E+13,5.07039E+12,1.81528E+13
6/10/15,1.30853E+13,5.06741E+12,1.81528E+13
6/9/15,1.30688E+13,5.08395E+12,1.81528E+13
6/8/15,1.30749E+13,5.0779E+12,1.81528E+13
6/5/15,1.30802E+13,5.07266E+12,1.81528E+13
6/4/15,1.30787E+13,5.07409E+12,1.81528E+13
6/3/15,1.30826E+13,5.07024E+12,1.81528E+13
6/2/15,1.3066E+13,5.08687E+12,1.81528E+13
6/1/15,1.30736E+13,5.07926E+12,1.81528E+13
5/29/15,1.30527E+13,5.10015E+12,1.81529E+13
5/28/15,1.30547E+13,5.09772E+12,1.81524E+13
5/27/15,1.30525E+13,5.09984E+12,1.81523E+13
5/26/15,1.30463E+13,5.10601E+12,1.81523E+13
5/22/15,1.30501E+13,5.1023E+12,1.81524E+13
5/21/15,1.30494E+13,5.103E+12,1.81524E+13
5/20/15,1.30512E+13,5.10114E+12,1.81524E+13
5/19/15,1.30399E+13,5.11247E+12,1.81524E+13
5/18/15,1.30496E+13,5.10277E+12,1.81524E+13
5/15/15,1.3053E+13,5.09941E+12,1.81524E+13
5/14/15,1.30539E+13,5.09853E+12,1.81524E+13
5/13/15,1.30566E+13,5.09581E+12,1.81524E+13
5/12/15,1.30442E+13,5.1082E+12,1.81524E+13
5/11/15,1.30503E+13,5.10211E+12,1.81525E+13
5/8/15,1.30538E+13,5.09867E+12,1.81525E+13
5/7/15,1.30572E+13,5.09535E+12,1.81525E+13
5/6/15,1.30622E+13,5.09033E+12,1.81525E+13
5/5/15,1.30652E+13,5.08731E+12,1.81525E+13
5/4/15,1.30745E+13,5.07799E+12,1.81525E+13
5/1/15,1.3089E+13,5.0635E+12,1.81525E+13
4/30/15,1.30537E+13,5.09888E+12,1.81526E+13
4/29/15,1.30513E+13,5.10056E+12,1.81519E+13
4/28/15,1.30486E+13,5.10335E+12,1.81519E+13
4/27/15,1.30541E+13,5.09779E+12,1.81519E+13
4/24/15,1.30581E+13,5.09383E+12,1.81519E+13
4/23/15,1.30593E+13,5.09263E+12,1.81519E+13
4/22/15,1.30666E+13,5.08531E+12,1.81519E+13
4/21/15,1.30596E+13,5.0924E+12,1.8152E+13
4/20/15,1.30672E+13,5.08481E+12,1.8152E+13
4/17/15,1.30743E+13,5.07772E+12,1.8152E+13
4/16/15,1.30773E+13,5.07467E+12,1.8152E+13
4/15/15,1.30865E+13,5.06551E+12,1.8152E+13
4/14/15,1.3092E+13,5.05999E+12,1.8152E+13
4/13/15,1.30997E+13,5.05235E+12,1.8152E+13
4/10/15,1.31029E+13,5.04918E+12,1.81521E+13
4/9/15,1.31018E+13,5.05029E+12,1.81521E+13
4/8/15,1.31119E+13,5.04013E+12,1.81521E+13
4/7/15,1.31027E+13,5.04939E+12,1.81521E+13
4/6/15,1.31082E+13,5.04388E+12,1.81521E+13
4/3/15,1.31136E+13,5.03849E+12,1.81521E+13
4/2/15,1.30966E+13,5.05553E+12,1.81521E+13
4/1/15,1.31049E+13,5.04712E+12,1.8152E+13
3/31/15,1.30904E+13,5.06166E+12,1.81521E+13
3/30/15,1.30992E+13,5.0531E+12,1.81523E+13
3/27/15,1.31001E+13,5.05222E+12,1.81524E+13
3/26/15,1.30977E+13,5.05472E+12,1.81524E+13
3/25/15,1.30982E+13,5.05414E+12,1.81524E+13
3/24/15,1.30846E+13,5.06774E+12,1.81524E+13
3/23/15,1.30906E+13,5.06177E+12,1.81524E+13
3/20/15,1.30927E+13,5.05969E+12,1.81524E+13
3/19/15,1.30917E+13,5.06071E+12,1.81524E+13
3/18/15,1.30942E+13,5.05816E+12,1.81524E+13
3/17/15,1.30948E+13,5.05766E+12,1.81524E+13
3/16/15,1.31054E+13,5.04703E+12,1.81524E+13
3/13/15,1.30839E+13,5.06858E+12,1.81525E+13
3/12/15,1.30841E+13,5.06973E+12,1.81538E+13
3/11/15,1.30773E+13,5.07171E+12,1.8149E+13
3/10/15,1.3077E+13,5.07872E+12,1.81557E+13
3/9/15,1.3077E+13,5.07308E+12,1.81501E+13
3/6/15,1.30776E+13,5.06939E+12,1.8147E+13
3/5/15,1.3078E+13,5.06923E+12,1.81473E+13
3/4/15,1.30837E+13,5.06596E+12,1.81497E+13
3/3/15,1.30832E+13,5.0668E+12,1.815E+13
3/2/15,1.30822E+13,5.07136E+12,1.81535E+13
2/27/15,1.3074E+13,5.08182E+12,1.81559E+13
2/26/15,1.30525E+13,5.09729E+12,1.81498E+13
2/25/15,1.30386E+13,5.09472E+12,1.81334E+13
2/24/15,1.30381E+13,5.11003E+12,1.81481E+13
2/23/15,1.30377E+13,5.10375E+12,1.81414E+13
2/20/15,1.30384E+13,5.10212E+12,1.81405E+13
2/19/15,1.30385E+13,5.09991E+12,1.81385E+13
2/18/15,1.30256E+13,5.09729E+12,1.81229E+13
2/17/15,1.30246E+13,5.09781E+12,1.81224E+13
2/13/15,1.30446E+13,5.09227E+12,1.81368E+13
2/12/15,1.30446E+13,5.09227E+12,1.81369E+13
2/11/15,1.30308E+13,5.09009E+12,1.81209E+13
2/10/15,1.30301E+13,5.10228E+12,1.81324E+13
2/9/15,1.30302E+13,5.09827E+12,1.81285E+13
2/6/15,1.30305E+13,5.09446E+12,1.8125E+13
2/5/15,1.30307E+13,5.09515E+12,1.81259E+13
2/4/15,1.30103E+13,5.08973E+12,1.81E+13
2/3/15,1.30094E+13,5.08914E+12,1.80985E+13
2/2/15,1.30094E+13,5.08965E+12,1.8099E+13
1/30/15,1.29849E+13,5.09736E+12,1.80823E+13
1/29/15,1.29707E+13,5.11436E+12,1.80851E+13
1/28/15,1.29702E+13,5.11242E+12,1.80826E+13
1/27/15,1.29705E+13,5.12459E+12,1.80951E+13
1/26/15,1.29705E+13,5.11724E+12,1.80877E+13
1/23/15,1.29702E+13,5.11614E+12,1.80863E+13
1/22/15,1.29704E+13,5.11703E+12,1.80874E+13
1/21/15,1.29711E+13,5.11232E+12,1.80835E+13
1/20/15,1.29705E+13,5.11557E+12,1.8086E+13
1/16/15,1.29715E+13,5.10929E+12,1.80808E+13
1/15/15,1.29719E+13,5.10766E+12,1.80796E+13
1/14/15,1.29817E+13,5.09981E+12,1.80815E+13
1/13/15,1.29808E+13,5.11142E+12,1.80922E+13
1/12/15,1.2981E+13,5.10594E+12,1.80869E+13
1/9/15,1.29816E+13,5.1042E+12,1.80858E+13
1/8/15,1.2982E+13,5.10286E+12,1.80848E+13
1/7/15,1.29991E+13,5.09917E+12,1.80983E+13
1/6/15,1.29996E+13,5.09825E+12,1.80978E+13
1/5/15,1.29993E+13,5.09198E+12,1.80913E+13
1/2/15,1.30002E+13,5.0804E+12,1.80806E+13
12/31/14,1.3024E+13,5.11749E+12,1.81414E+13
12/30/14,1.29953E+13,5.04854E+12,1.80439E+13
12/29/14,1.29945E+13,5.04499E+12,1.80395E+13
12/26/14,1.29942E+13,5.03592E+12,1.80301E+13
12/24/14,1.29903E+13,5.04198E+12,1.80323E+13
12/23/14,1.29903E+13,5.05421E+12,1.80445E+13
12/22/14,1.29881E+13,5.04294E+12,1.8031E+13
12/19/14,1.2988E+13,5.03999E+12,1.8028E+13
12/18/14,1.2988E+13,5.04097E+12,1.8029E+13
12/17/14,1.29821E+13,5.04586E+12,1.8028E+13
12/16/14,1.29793E+13,5.05403E+12,1.80333E+13
12/15/14,1.29792E+13,5.04731E+12,1.80265E+13
12/12/14,1.29558E+13,5.04269E+12,1.79985E+13
12/11/14,1.29561E+13,5.04314E+12,1.79992E+13
12/10/14,1.29446E+13,5.04077E+12,1.79854E+13
12/9/14,1.29446E+13,5.05333E+12,1.79979E+13
12/8/14,1.29442E+13,5.04906E+12,1.79932E+13
12/5/14,1.29455E+13,5.0456E+12,1.79911E+13
12/4/14,1.29458E+13,5.04791E+12,1.79937E+13
12/3/14,1.2932E+13,5.04493E+12,1.79769E+13
12/2/14,1.29322E+13,5.06256E+12,1.79947E+13
12/1/14,1.29319E+13,5.05624E+12,1.79881E+13
11/28/14,1.29227E+13,5.08287E+12,1.80055E+13
11/26/14,1.28907E+13,5.07306E+12,1.79638E+13
11/25/14,1.2891E+13,5.0823E+12,1.79733E+13
11/24/14,1.28898E+13,5.07959E+12,1.79693E+13
11/21/14,1.28898E+13,5.07665E+12,1.79664E+13
11/20/14,1.28886E+13,5.0778E+12,1.79664E+13
11/19/14,1.28818E+13,5.0741E+12,1.79559E+13
11/18/14,1.28804E+13,5.08548E+12,1.79659E+13
11/17/14,1.28791E+13,5.07611E+12,1.79552E+13
11/14/14,1.2874E+13,5.07221E+12,1.79462E+13
11/13/14,1.28728E+13,5.06859E+12,1.79414E+13
11/12/14,1.28658E+13,5.07085E+12,1.79366E+13
11/10/14,1.28656E+13,5.07684E+12,1.79425E+13
11/7/14,1.28657E+13,5.07193E+12,1.79376E+13
11/6/14,1.28652E+13,5.07295E+12,1.79382E+13
11/5/14,1.28552E+13,5.06831E+12,1.79235E+13
11/4/14,1.28549E+13,5.06745E+12,1.79223E+13
11/3/14,1.28547E+13,5.05373E+12,1.79085E+13
10/31/14,1.28571E+13,5.0801E+12,1.79372E+13
10/30/14,1.28185E+13,5.09594E+12,1.79144E+13
10/29/14,1.28092E+13,5.0958E+12,1.7905E+13
10/28/14,1.28092E+13,5.09688E+12,1.79061E+13
10/27/14,1.28082E+13,5.09152E+12,1.78997E+13
10/24/14,1.28082E+13,5.0905E+12,1.78987E+13
10/23/14,1.28079E+13,5.09107E+12,1.7899E+13
10/22/14,1.28085E+13,5.08987E+12,1.78984E+13
10/21/14,1.28088E+13,5.10086E+12,1.79097E+13
10/20/14,1.28083E+13,5.09664E+12,1.7905E+13
10/17/14,1.28086E+13,5.09473E+12,1.79034E+13
10/16/14,1.28075E+13,5.0918E+12,1.78993E+13
10/15/14,1.2798E+13,5.08892E+12,1.7887E+13
10/14/14,1.27711E+13,5.09008E+12,1.78612E+13
10/10/14,1.27709E+13,5.08759E+12,1.78585E+13
10/9/14,1.27702E+13,5.08939E+12,1.78596E+13
10/8/14,1.27726E+13,5.08725E+12,1.78598E+13
10/7/14,1.27718E+13,5.09587E+12,1.78677E+13
10/6/14,1.27704E+13,5.09263E+12,1.7863E+13
10/3/14,1.27711E+13,5.08745E+12,1.78585E+13
10/2/14,1.27712E+13,5.1017E+12,1.78729E+13
10/1/14,1.27813E+13,5.09395E+12,1.78753E+13
9/30/14,1.2785E+13,5.0391E+12,1.78241E+13
9/29/14,1.27528E+13,5.0287E+12,1.77815E+13
9/26/14,1.27527E+13,5.03485E+12,1.77875E+13
9/25/14,1.27396E+13,5.002E+12,1.77416E+13
9/24/14,1.27509E+13,5.0019E+12,1.77528E+13
9/23/14,1.27502E+13,5.0096E+12,1.77598E+13
9/22/14,1.27496E+13,5.00253E+12,1.77521E+13
9/19/14,1.27496E+13,4.99943E+12,1.7749E+13
9/18/14,1.27497E+13,5.00011E+12,1.77498E+13
9/17/14,1.27675E+13,4.99722E+12,1.77647E+13
9/16/14,1.27674E+13,5.00343E+12,1.77709E+13
9/15/14,1.27661E+13,4.99463E+12,1.77607E+13
9/12/14,1.27525E+13,4.98863E+12,1.77412E+13
9/11/14,1.27521E+13,4.98998E+12,1.77421E+13
9/10/14,1.27659E+13,4.98767E+12,1.77535E+13
9/9/14,1.27656E+13,4.9991E+12,1.77647E+13
9/8/14,1.27656E+13,4.99227E+12,1.77579E+13
9/5/14,1.2766E+13,4.99086E+12,1.77569E+13
9/4/14,1.27662E+13,4.9883E+12,1.77545E+13
9/3/14,1.27478E+13,4.98683E+12,1.77347E+13
9/2/14,1.27473E+13,4.9943E+12,1.77416E+13
8/29/14,1.27326E+13,5.01656E+12,1.77492E+13
8/28/14,1.27031E+13,5.01848E+12,1.77216E+13
8/27/14,1.26891E+13,5.0192E+12,1.77083E+13
8/26/14,1.26889E+13,5.03061E+12,1.77195E+13
8/25/14,1.26879E+13,5.02496E+12,1.77128E+13
8/22/14,1.26876E+13,5.02271E+12,1.77103E+13