"","Date","repo","Public","Govt","Total","log_repo","change_repo","log_public","change_public"
"1",2015-01-07,9.71966e+11,1.29991e+13,5.09917e+12,1.80983e+13,27.6025866613712,0,30.1959012402243,0
"2",2015-01-14,9.9021e+11,1.29817e+13,5.09981e+12,1.80815e+13,27.6211828787926,0.0185962174214573,30.1945617893528,-0.00133945087152654
"3",2015-01-21,9.58044e+11,1.29711e+13,5.11232e+12,1.80835e+13,27.5881595428814,-0.0330233359112881,30.1937449217632,-0.000816867589580994
"4",2015-01-28,9.44807e+11,1.29702e+13,5.11242e+12,1.80826e+13,27.5742465107776,-0.0139130321037939,30.1936755343385,-6.93874247126303e-05
"5",2015-02-04,9.89623e+11,1.30103e+13,5.08973e+12,1.81e+13,27.6205898994684,0.0463433886908646,30.1967624673723,0.00308693303387031
"6",2015-02-11,9.74909e+11,1.30308e+13,5.09009e+12,1.81209e+13,27.6056099702551,-0.0149799292133288,30.1983369019573,0.00157443458492068
"7",2015-02-18,9.78533e+11,1.30256e+13,5.09729e+12,1.81229e+13,27.6093203483033,0.00371037804818641,30.1979377677661,-0.00039913419114157
"8",2015-02-25,9.79312e+11,1.30386e+13,5.09472e+12,1.81334e+13,27.6101161212487,0.00079577294536648,30.1989353047002,0.00099753693403315
"9",2015-03-04,9.68314e+11,1.30837e+13,5.06596e+12,1.81497e+13,27.5988222517884,-0.0112938694602462,30.2023882965739,0.00345299187370074
"10",2015-03-11,9.9595e+11,1.30773e+13,5.07171e+12,1.8149e+13,27.6269628924677,0.0281406406792897,30.2018990186313,-0.000489277942563149
"11",2015-03-18,9.98211e+11,1.30942e+13,5.05816e+12,1.81524e+13,27.6292305137569,0.0022676212892101,30.2031905000022,0.00129148137088109
"12",2015-03-25,9.62844e+11,1.30982e+13,5.05414e+12,1.81524e+13,27.5931572418527,-0.0360732719042467,30.2034959321146,0.000305432112451598
"13",2015-04-01,9.92035e+11,1.31049e+13,5.04712e+12,1.8152e+13,27.6230242258669,0.0298669840142871,30.2040073219995,0.000511389884863434
"14",2015-04-08,9.93313e+11,1.31119e+13,5.04013e+12,1.81521e+13,27.6243116577696,0.00128743190263947,30.2045413307394,0.000534008739915492
"15",2015-04-15,9.97541e+11,1.30865e+13,5.06551e+12,1.8152e+13,27.6285590876226,0.0042474298530415,30.2026022804189,-0.00193905032051234
"16",2015-04-22,9.64683e+11,1.30666e+13,5.08531e+12,1.81519e+13,27.595065386909,-0.0334937007136489,30.201080472003,-0.00152180841586969
"17",2015-04-29,9.46001e+11,1.30513e+13,5.10056e+12,1.81519e+13,27.5755094630802,-0.0195559238287935,30.1999088615941,-0.00117161040896718
"18",2015-05-06,1.027287e+12,1.30622e+13,5.09033e+12,1.81525e+13,27.6579424625573,0.0824329994770814,30.2007436788827,0.000834817288609457
"19",2015-05-13,1.0151e+12,1.30566e+13,5.09581e+12,1.81524e+13,27.6460082457368,-0.0119342168204675,30.2003148689767,-0.000428809905955063
"20",2015-05-20,9.84252e+11,1.30512e+13,5.10114e+12,1.81524e+13,27.6151477987723,-0.0308604469645424,30.1999011994927,-0.000413669483982915
"21",2015-05-27,9.80904e+11,1.30525e+13,5.09984e+12,1.81523e+13,27.611740432396,-0.00340736637623351,30.2000008022311,9.9602738391269e-05
"22",2015-06-03,1.03096e+12,1.30826e+13,5.07024e+12,1.81528e+13,27.6615115229265,0.0497710905305233,30.2023042189625,0.00230341673140799
"23",2015-06-10,9.7881e+11,1.30853e+13,5.06741e+12,1.81528e+13,27.6096033850545,-0.0519081378720614,30.2025105786635,0.000206359700975156
"24",2015-06-17,9.60004e+11,1.30735e+13,5.07915e+12,1.81527e+13,27.5902032880663,-0.0194000969882033,30.201608396545,-0.000902182118473149
"25",2015-06-24,9.01411e+11,1.30712e+13,5.08144e+12,1.81526e+13,27.5272271503679,-0.0629761376983744,30.201432452663,-0.000175943882005924
"26",2015-07-01,9.50923e+11,1.30937e+13,5.05832e+12,1.8152e+13,27.580698928811,0.0534717784431251,30.2031523144279,0.00171986176489369
"27",2015-07-08,9.2364e+11,1.31063e+13,5.04564e+12,1.81519e+13,27.5515882222806,-0.0291107065303926,30.2041141465631,0.000961832135217833
"28",2015-07-15,9.54805e+11,1.31065e+13,5.04533e+12,1.81519e+13,27.5847729680962,0.0331847458155217,30.2041294062836,1.5259720441918e-05
"29",2015-07-22,9.29044e+11,1.31011e+13,5.05075e+12,1.81518e+13,27.5574219373943,-0.0273510307018405,30.2037173120761,-0.000412094207511871
"30",2015-07-29,9.23458e+11,1.30946e+13,5.05723e+12,1.81518e+13,27.5513911563961,-0.0060307809982092,30.2032210474118,-0.000496264664310075
"31",2015-08-05,9.78758e+11,1.31392e+13,5.01205e+12,1.81513e+13,27.609550257909,0.0581591015128424,30.206621244331,0.00340019691921611
"32",2015-08-12,9.56542e+11,1.3128e+13,5.02327e+12,1.81512e+13,27.5865905349516,-0.0229597229573884,30.2057684697163,-0.000852774614632068
"33",2015-08-19,9.89041e+11,1.31237e+13,5.02744e+12,1.81512e+13,27.620001623726,0.0334110887744608,30.2054408718816,-0.000327597834690607
"34",2015-08-26,1.007093e+12,1.31255e+13,5.02572e+12,1.81512e+13,27.638089078926,0.0180874551999466,30.2055780189187,0.000137147037076346
"35",2015-09-02,1.034289e+12,1.31429e+13,5.00823e+12,1.81511e+13,27.6647353500614,0.0266462711354229,30.2069028047865,0.00132478586779783
"36",2015-09-09,9.99308e+11,1.31562e+13,4.99486e+12,1.81511e+13,27.630328876386,-0.0344064736753609,30.2079142463289,0.00101144154239918
"37",2015-09-16,1.028372e+12,1.31532e+13,4.99785e+12,1.8151e+13,27.6589980852075,0.0286692088214409,30.2076861909561,-0.000228055372833325
"38",2015-09-23,1.001207e+12,1.31449e+13,5.00614e+12,1.81511e+13,27.6322273880897,-0.0267706971178185,30.2070549666261,-0.000631224329939784
"39",2015-09-30,9.46999e+11,1.31238e+13,5.02677e+12,1.81506e+13,27.5765638741657,-0.0556635139239354,30.205448491655,-0.00160647497119015
"40",2015-10-07,9.64417e+11,1.306e+13,5.09057e+12,1.81505e+13,27.5947896106385,0.0182257364727825,30.2005752397768,-0.00487325187812715
"41",2015-10-14,9.96548e+11,1.30464e+13,5.10405e+12,1.81505e+13,27.6275631440293,0.0327735333907526,30.1995333495713,-0.00104189020548517
"42",2015-10-21,1.02171e+12,1.30428e+13,5.10987e+12,1.81526e+13,27.6524988101048,0.0249356660755211,30.1992573733036,-0.000275976267793965
"43",2015-10-28,9.89542e+11,1.3042e+13,5.11057e+12,1.81526e+13,27.6205080467679,-0.0319907633369034,30.1991960348996,-6.1338403995137e-05
"44",2015-11-04,1.030447e+12,1.33041e+13,5.2287e+12,1.85329e+13,27.6610138046103,0.0405057578424071,30.2190933743273,0.0198973394277466
"45",2015-11-18,1.015051e+12,1.34254e+13,5.23291e+12,1.86583e+13,27.6459599734654,-0.0150538311448685,30.2281695510379,0.00907617671059313
"46",2015-11-25,8.8423e+11,1.3488e+13,5.23161e+12,1.87196e+13,27.5079830467383,-0.137976926727088,30.232821517188,0.00465196615014918
"47",2015-12-02,9.66331e+11,1.35865e+13,5.21627e+12,1.88027e+13,27.5967722625713,0.0887892158329855,30.2400977686114,0.00727625142331689
"48",2015-12-09,1.019886e+12,1.35873e+13,5.18781e+12,1.87751e+13,27.6507119722727,0.0539397097013961,30.2401566488563,5.8880244957038e-05
"49",2015-12-16,1.024371e+12,1.36007e+13,5.18741e+12,1.87881e+13,27.6550998816169,0.00438790934416389,30.2411423779342,0.000985729077903841
"50",2015-12-23,9.59351e+11,1.36032e+13,5.19211e+12,1.87953e+13,27.5895228511224,-0.0655770304944561,30.2413261751109,0.000183797176656952
"51",2015-12-30,8.94729e+11,1.36227e+13,5.20233e+12,1.88251e+13,27.519786716074,-0.0697361350483838,30.2427586348888,0.00143245977796269
"52",2016-01-06,9.9961e+11,1.367e+13,5.24835e+12,1.89184e+13,27.6306310398588,0.11084432378474,30.2462247666644,0.00346613177556065
"53",2016-01-13,1.026216e+12,1.36345e+13,5.32127e+12,1.89558e+13,27.6568993668354,0.0262683269765915,30.24362446122,-0.00260030544437839
"54",2016-01-20,1.037661e+12,1.36052e+13,5.33618e+12,1.89414e+13,27.6679902577349,0.0110908908995135,30.2414731885335,-0.0021512726865538
"55",2016-01-27,1.025786e+12,1.36192e+13,5.34338e+12,1.89626e+13,27.6564802639239,-0.011509993811007,30.2425016777736,0.00102848924009891
"56",2016-02-03,1.06366e+12,1.3654e+13,5.32124e+12,1.89752e+13,27.6927369069092,0.0362566429853324,30.2450536349246,0.00255195715106638
"57",2016-02-10,1.047337e+12,1.36712e+13,5.32011e+12,1.89913e+13,27.6772718680425,-0.0154650388666546,30.2463125462791,0.00125891135447276
"58",2016-02-17,1.069256e+12,1.37023e+13,5.32666e+12,1.9029e+13,27.6979841954476,0.0207123274050076,30.2485848178835,0.00227227160438659
"59",2016-02-24,1.065776e+12,1.37208e+13,5.33339e+12,1.90542e+13,27.6947242882594,-0.00325990718811653,30.2499340455643,0.00134922768078383
"60",2016-03-02,1.093393e+12,1.37832e+13,5.31436e+12,1.90975e+13,27.7203068213382,0.025582533078726,30.2544715751646,0.00453752960032716
"61",2016-03-09,1.075734e+12,1.37951e+13,5.30507e+12,1.91002e+13,27.7040243352103,-0.0162824861278317,30.2553345725748,0.000862997410177258
"62",2016-03-16,1.058173e+12,1.38448e+13,5.30663e+12,1.91514e+13,27.6875649520654,-0.016459383144916,30.2589308267989,0.00359625422409948
"63",2016-03-23,1.048151e+12,1.38723e+13,5.32832e+12,1.92006e+13,27.6780487754178,-0.00951617664764726,30.2609151620305,0.00198433523158315
"64",2016-03-30,9.87393e+11,1.38996e+13,5.3333e+12,1.9233e+13,27.6183339734205,-0.0597148019972238,30.2628811786727,0.00196601664224261
"65",2016-04-06,1.025723e+12,1.3924e+13,5.31493e+12,1.92389e+13,27.656418845719,0.0380848722984624,30.2646350858777,0.00175390720503188
"66",2016-04-13,1.050679e+12,1.39025e+13,5.3188e+12,1.92213e+13,27.6804577377659,0.0240388920468497,30.2630897960081,-0.00154528986961111
"67",2016-04-20,1.021824e+12,1.38681e+13,5.34757e+12,1.92157e+13,27.6526103815297,-0.0278473562361654,30.2606123545704,-0.00247744143769424
"68",2016-04-27,9.98214e+11,1.38457e+13,5.36374e+12,1.92094e+13,27.629233519129,-0.0233768624006814,30.2589958310422,-0.0016165235281953
"69",2016-05-04,1.019114e+12,1.38322e+13,5.35441e+12,1.91867e+13,27.6499547382983,0.0207212191693067,30.25802032343,-0.000975507612253068
"70",2016-05-11,1.031308e+12,1.38293e+13,5.36407e+12,1.91934e+13,27.661849015438,0.0118942771396817,30.2578106457183,-0.000209677711666245
"71",2016-05-18,1.054147e+12,1.3837e+13,5.36956e+12,1.92065e+13,27.6837530250136,0.021904009575568,30.2583672796158,0.000556633897474512
"72",2016-05-25,1.029781e+12,1.38421e+13,5.37202e+12,1.92141e+13,27.6603672742037,-0.0233857508098225,30.2587357887117,0.000368509095867608
"73",2016-06-01,1.109696e+12,1.38843e+13,5.34636e+12,1.92306e+13,27.7351072198686,0.0747399456648772,30.2617798213005,0.00304403258886055
"74",2016-06-08,1.104765e+12,1.38827e+13,5.34757e+12,1.92303e+13,27.7306537585976,-0.00445346127101942,30.2616645765854,-0.000115244715079399
"75",2016-06-15,1.09974e+12,1.38971e+13,5.34851e+12,1.92456e+13,27.7260949041582,-0.00455885443937731,30.2627013012048,0.00103672461931126
"76",2016-06-22,1.038982e+12,1.38956e+13,5.3568e+12,1.92524e+13,27.6692625035452,-0.0568324006129899,30.2625933591911,-0.000107942013652718
"77",2016-06-29,1.064901e+12,1.39093e+13,5.37403e+12,1.92833e+13,27.6939029530226,0.0246404494773849,30.2635787970894,0.000985437898258112
"78",2016-07-06,1.080565e+12,1.39281e+13,5.41543e+12,1.93435e+13,27.7085051684185,0.0146022153959215,30.2649294981504,0.00135070106103541
"79",2016-07-13,1.112409e+12,1.39468e+13,5.41452e+12,1.93613e+13,27.7375490498884,0.0290438814698391,30.2662712072009,0.00134170905045394
"80",2016-07-20,1.060388e+12,1.39693e+13,5.42237e+12,1.93917e+13,27.6896559948129,-0.0478930550754733,30.2678831805691,0.00161197336820962
"81",2016-07-27,1.05023e+12,1.39766e+13,5.42632e+12,1.94029e+13,27.6800303037296,-0.00962569108330413,30.2684056185772,0.000522438008154325
"82",2016-08-03,1.08447e+12,1.39702e+13,5.38913e+12,1.93593e+13,27.7121125043134,0.0320822005838366,30.2679476054872,-0.00045801309000737
"83",2016-08-10,1.05346e+12,1.39879e+13,5.38978e+12,1.93776e+13,27.683101100794,-0.0290114035194549,30.2692137861193,0.00126618063207218
"84",2016-08-17,1.082435e+12,1.40264e+13,5.39537e+12,1.94218e+13,27.7102342488308,0.0271331480368531,30.2719623841023,0.00274859798305016
"85",2016-08-24,1.079991e+12,1.40499e+13,5.39306e+12,1.94429e+13,27.7079738236966,-0.00226042513421731,30.2736363942453,0.00167401014292068
"86",2016-08-31,1.070101e+12,1.41041e+13,5.40618e+12,1.95103e+13,27.698774152471,-0.00919967122558418,30.2774866511862,0.00385025694091112
"87",2016-09-07,1.105584e+12,1.41113e+13,5.36821e+12,1.94795e+13,27.7313948180751,0.0326206656040355,30.2779970107881,0.00051035960193957
"88",2016-09-14,1.148969e+12,1.41136e+13,5.3669e+12,1.94805e+13,27.7698861344486,0.0384913163735376,30.2781599874509,0.000162976662810621
"89",2016-09-21,1.111173e+12,1.41355e+13,5.38193e+12,1.95175e+13,27.7364373300352,-0.0334488044134211,30.2797104796356,0.00155049218469827
"90",2016-09-28,1.045945e+12,1.41345e+13,5.38547e+12,1.95199e+13,27.6759418989269,-0.0604954311083006,30.2796397332613,-7.07463742806169e-05
"91",2016-10-05,1.088985e+12,1.41709e+13,5.49251e+12,1.96634e+13,27.7162671856798,0.0403252867529389,30.2822116820814,0.00257194882003375
"92",2016-10-12,1.080019e+12,1.41925e+13,5.49621e+12,1.96887e+13,27.7079997495025,-0.00826743617730585,30.2837347719913,0.00152308990992722
"93",2016-10-19,1.092355e+12,1.42511e+13,5.50314e+12,1.97543e+13,27.7193570319955,0.0113572824930159,30.2878552126464,0.0041204406551465
"94",2016-10-26,1.061427e+12,1.4282e+13,5.51347e+12,1.97955e+13,27.6906353451173,-0.0287216868782494,30.2900211190555,0.00216590640902936
"95",2016-11-02,1.084258e+12,1.42871e+13,5.48253e+12,1.97696e+13,27.7119169980068,0.0212816528895274,30.2903781481571,0.000357029101664352
"96",2016-11-09,1.050566e+12,1.43241e+13,5.46959e+12,1.97937e+13,27.680350182483,-0.0315668155237638,30.2929645493305,0.00258640117337805
"97",2016-11-16,1.107507e+12,1.43726e+13,5.48519e+12,1.98578e+13,27.7331326593875,0.0527824769044365,30.2963447321514,0.00338018282092278
"98",2016-11-23,1.046676e+12,1.44074e+13,5.49061e+12,1.9898e+13,27.6766405443383,-0.0564921150491919,30.2987630794037,0.00241834725228429
"99",2016-11-30,1.045797e+12,1.44437e+13,5.50436e+12,1.99481e+13,27.675800390079,-0.000840154259293513,30.3012794492582,0.00251636985450432
"100",2016-12-07,1.092908e+12,1.44254e+13,5.46573e+12,1.98912e+13,27.7198631495766,0.0440627594976277,30.3000116575743,-0.00126779168391877
"101",2016-12-14,1.105811e+12,1.44081e+13,5.46337e+12,1.98715e+13,27.7316001183501,0.0117369687734232,30.2988116643667,-0.00119999320762432
"102",2016-12-21,1.023061e+12,1.44103e+13,5.468e+12,1.98783e+13,27.6538202296638,-0.0777798886862264,30.298964344599,0.000152680232371694
"103",2016-12-28,9.72423e+11,1.44059e+13,5.47354e+12,1.98794e+13,27.6030567319264,-0.0507634977373996,30.2986589608195,-0.000305383779554802
"104",2017-01-04,1.031428e+12,1.44342e+13,5.51823e+12,1.99524e+13,27.6619653657612,0.0589086338347684,30.3006215066556,0.00196254583606503
"105",2017-01-11,1.044001e+12,1.44282e+13,5.52352e+12,1.99518e+13,27.6740815632429,0.012116197481749,30.3002057408089,-0.000415765846668137
"106",2017-01-18,1.092628e+12,1.44239e+13,5.53753e+12,1.99615e+13,27.7196069195246,0.0455253562816225,30.2999076689159,-0.000298071892988361
"107",2017-01-25,1.066908e+12,1.44038e+13,5.54677e+12,1.99506e+13,27.6957858614754,-0.0238210580491192,30.2985131765868,-0.00139449232905875
"108",2017-02-01,1.07653e+12,1.4376e+13,5.52402e+12,1.99e+13,27.7047640214536,0.0089781599781098,30.2965812654098,-0.00193191117703861
"109",2017-02-08,1.091498e+12,1.43661e+13,5.51854e+12,1.98846e+13,27.7185721805939,0.0138081591403605,30.2958923804368,-0.000688884973019555
"110",2017-02-15,1.107001e+12,1.44173e+13,5.52003e+12,1.99374e+13,27.732675672997,0.0141034924030912,30.2994499903092,0.00355760987245546
"111",2017-02-22,1.088759e+12,1.44047e+13,5.53116e+12,1.99359e+13,27.7160596314395,-0.016616041557544,30.2985756581461,-0.000874332163114389
"112",2017-03-01,1.106784e+12,1.44084e+13,5.51206e+12,1.99204e+13,27.7324796286651,0.0164199972256007,30.2988324857711,0.000256827624955491
"113",2017-03-08,1.120381e+12,1.43749e+13,5.50425e+12,1.98791e+13,27.7446899219594,0.0122102932943022,30.296504746066,-0.00232773970505562
"114",2017-03-15,1.133288e+12,1.43407e+13,5.5051e+12,1.98458e+13,27.7561442580825,0.0114543361231654,30.2941227644135,-0.00238198165251191
"115",2017-03-22,1.084763e+12,1.43629e+13,5.48294e+12,1.98458e+13,27.7123826458812,-0.0437616122012869,30.2956696090202,0.00154684460670751
"116",2017-03-29,1.045683e+12,1.43497e+13,5.49609e+12,1.98458e+13,27.6756913763661,-0.0366912695151314,30.2947501519923,-0.000919457027922732
"117",2017-04-05,1.093432e+12,1.43624e+13,5.48371e+12,1.98461e+13,27.7203424894872,0.0446511131210805,30.295634796503,0.000884644510730226
"118",2017-04-12,1.109343e+12,1.43557e+13,5.49042e+12,1.98461e+13,27.7347890641237,0.0144465746365476,30.2951681918097,-0.000466604693315276
"119",2017-04-19,1.139283e+12,1.43236e+13,5.52244e+12,1.98461e+13,27.7614202330962,0.0266311689724219,30.2929296425142,-0.00223854929546619
"120",2017-04-26,1.095758e+12,1.43022e+13,5.54384e+12,1.9846e+13,27.7224674771541,-0.0389527559420522,30.2914344875152,-0.00149515499909825
"121",2017-05-03,1.129575e+12,1.43186e+13,5.52741e+12,1.9846e+13,27.7528625717124,0.0303950945583225,30.2925805073186,0.00114601980342499
"122",2017-05-10,1.090294e+12,1.43129e+13,5.53308e+12,1.9846e+13,27.7174685005711,-0.0353940711413792,30.2921823444507,-0.000398162867842444
"123",2017-05-17,1.145116e+12,1.43092e+13,5.53679e+12,1.9846e+13,27.7665270578469,0.0490585572758491,30.2919238029726,-0.000258541478132202
"124",2017-05-24,1.146675e+12,1.43105e+13,5.53549e+12,1.98459e+13,27.7678875660612,0.00136050821429379,30.2920146494875,9.08465148761195e-05
"125",2017-05-31,1.117048e+12,1.4299e+13,5.54697e+12,1.98459e+13,27.7417106073394,-0.0261769587217771,30.2912107206793,-0.000803928808217336
"126",2017-06-07,1.190237e+12,1.43298e+13,5.51614e+12,1.98459e+13,27.8051735628862,0.0634629555467789,30.2933624009371,0.00215168025784962
"127",2017-06-14,1.144734e+12,1.43226e+13,5.52334e+12,1.98459e+13,27.7661934115351,-0.038980151351101,30.2928598252261,-0.000502575711045949
"128",2017-06-21,1.137938e+12,1.43073e+13,5.53853e+12,1.98459e+13,27.7602389686019,-0.00595444293315595,30.2917910124495,-0.0010688127766052
"129",2017-06-28,1.098495e+12,1.43069e+13,5.53921e+12,1.98461e+13,27.7249621770994,-0.0352767915025822,30.2917630543028,-2.79581466564593e-05
"130",2017-07-05,1.08641e+12,1.43633e+13,5.4812e+12,1.98445e+13,27.7138997984213,-0.0110623786780693,30.2956974581614,0.00393440385862576
"131",2017-07-12,1.080448e+12,1.43649e+13,5.47961e+12,1.98445e+13,27.7083968858676,-0.00550291255368052,30.2958088469711,0.000111388809717283
"132",2017-07-19,1.09102e+12,1.43605e+13,5.48397e+12,1.98445e+13,27.7181341544171,0.00973726854952872,30.295502497884,-0.000306349087178859
"133",2017-07-26,1.075942e+12,1.43557e+13,5.48897e+12,1.98447e+13,27.7042176728696,-0.013916481547561,30.2951681918097,-0.00033430607425089
"134",2017-08-02,1.057004e+12,1.43856e+13,5.4592e+12,1.98448e+13,27.6864596071047,-0.0177580657649159,30.2972488221769,0.00208063036720318
"135",2017-08-09,1.090748e+12,1.44e+13,5.44479e+12,1.98447e+13,27.7178848153477,0.0314252082430535,30.2982493225105,0.00100050033358556
"136",2017-08-16,1.117383e+12,1.43988e+13,5.4459e+12,1.98447e+13,27.7420104599663,0.0241256446186249,30.2981659857048,-8.33368057477912e-05
"137",2017-08-23,1.078368e+12,1.43965e+13,5.44839e+12,1.98448e+13,27.7064699030737,-0.0355405568926628,30.2980062374122,-0.000159748292595907
"138",2017-08-30,1.093737e+12,1.43933e+13,5.45149e+12,1.98448e+13,27.7206213888333,0.014151485759637,30.2977839364574,-0.000222300954725085
"139",2017-09-06,1.12691e+12,1.44113e+13,5.43303e+12,1.98443e+13,27.7505004897672,0.0298791009338828,30.2990337369992,0.00124980054178536
"140",2017-09-13,1.115115e+12,1.46243e+13,5.53569e+12,2.016e+13,27.7399786545356,-0.0105218352315788,30.3137056446531,0.0146719076539021
"141",2017-09-20,1.10601e+12,1.46151e+13,5.54968e+12,2.01648e+13,27.7317800605791,-0.00819859395648237,30.3130763567537,-0.000629287899450048
"142",2017-09-27,1.063078e+12,1.46323e+13,5.55665e+12,2.01889e+13,27.6921895898306,-0.0395904707485144,30.314252529814,0.00117617306036522
"143",2017-10-04,1.103974e+12,1.46786e+13,5.66803e+12,2.03466e+13,27.7299375127815,0.0377479229508673,30.3174117667197,0.00315923690566677
"144",2017-10-11,1.138708e+12,1.47032e+13,5.67226e+12,2.03755e+13,27.7609154022938,0.0309778895122612,30.3190862730977,0.00167450637797018
"145",2017-10-18,1.115003e+12,1.47397e+13,5.68367e+12,2.04234e+13,27.73987821142,-0.0210371908737805,30.3215656497011,0.00247937660339659
"146",2017-10-25,1.099626e+12,1.47524e+13,5.68728e+12,2.04397e+13,27.7259912379198,-0.0138869735002025,30.3224268973426,0.00086124764157347
"147",2017-11-01,1.171957e+12,1.47998e+13,5.65344e+12,2.04533e+13,27.7896961169905,0.063704879070734,30.3256347830938,0.00320788575115216
"148",2017-11-08,1.150728e+12,1.48231e+13,5.64891e+12,2.04721e+13,27.7714159014945,-0.0182802154960342,30.3272078907102,0.00157310761640161
"149",2017-11-15,1.160946e+12,1.48605e+13,5.64684e+12,2.05073e+13,27.7802563059347,0.00884040444022816,30.3297278020276,0.00251991131740681
"150",2017-11-22,1.109344e+12,1.48812e+13,5.65215e+12,2.05334e+13,27.7347899655578,-0.0454663403769082,30.3311197872431,0.00139198521553396
"151",2017-11-29,1.152229e+12,1.49026e+13,5.6616e+12,2.05642e+13,27.7727194431694,0.0379294776116161,30.3325568103015,0.00143702305834736
"152",2017-12-06,1.09168e+12,1.49138e+13,5.63268e+12,2.05464e+13,27.7187389100135,-0.0539805331558796,30.3333080747416,0.000751264440161492
"153",2017-12-13,1.086464e+12,1.48652e+13,5.62232e+12,2.04875e+13,27.7139495021777,-0.0047894078358155,30.3300440267112,-0.00326404803040603
"154",2017-12-20,1.054123e+12,1.48724e+13,5.62012e+12,2.04925e+13,27.6837302575312,-0.0302192446464851,30.3305282621667,0.000484235455495252
"155",2017-12-27,1.022333e+12,1.48628e+13,5.6297e+12,2.04925e+13,27.653108386341,-0.0306218711902382,30.3298825627712,-0.000645699395565913
"156",2018-01-03,1.062347e+12,1.48308e+13,5.6617e+12,2.04925e+13,27.691501727376,0.0383933410350039,30.3277272153301,-0.0021553474410716
"157",2018-01-10,1.080237e+12,1.48272e+13,5.6657e+12,2.04929e+13,27.7082015774347,0.0166998500587212,30.3274844477788,-0.000242767551263512
"158",2018-01-17,1.106585e+12,1.48126e+13,5.68038e+12,2.04929e+13,27.7322998122851,0.0240982348504026,30.326499285856,-0.000985161922873345
"159",2018-01-24,1.07476e+12,1.48147e+13,5.67829e+12,2.0493e+13,27.7031184967689,-0.0291813155161798,30.3266410470022,0.000141761146206676
"160",2018-01-31,1.106021e+12,1.48032e+13,5.69056e+12,2.04937e+13,27.7317900061902,0.0286715094212724,30.3258644895435,-0.00077655745869265
"161",2018-02-07,1.088599e+12,1.4829e+13,5.66509e+12,2.04941e+13,27.715912664335,-0.0158773418551768,30.3276058389215,0.00174134937800474
"162",2018-02-14,1.069941e+12,1.49844e+13,5.68521e+12,2.06696e+13,27.6986246226952,-0.0172880416398584,30.3380307758555,0.0104249369340295
"163",2018-02-21,1.090536e+12,1.50683e+13,5.69517e+12,2.07635e+13,27.7176904344228,0.0190658117276712,30.3436143153026,0.0055835394471373
"164",2018-02-28,1.087544e+12,1.51506e+13,5.70508e+12,2.08557e+13,27.7149430588609,-0.00274737556195248,30.3490612510601,0.00544693575745825
"165",2018-03-07,1.099637e+12,1.52093e+13,5.67059e+12,2.08799e+13,27.7260012412709,0.0110581824100002,30.352928198787,0.00386694772686624
"166",2018-03-14,1.084258e+12,1.52852e+13,5.67302e+12,2.09582e+13,27.7119169980068,-0.014084243264076,30.3579061559093,0.00497795712235316
"167",2018-03-21,1.086675e+12,1.53591e+13,5.67357e+12,2.10327e+13,27.7141436913213,0.0022266933144941,30.3627292481814,0.00482309227206557
"168",2018-03-28,1.035752e+12,1.53913e+13,5.67979e+12,2.10711e+13,27.66614884887,-0.0479948424513523,30.3648235306473,0.0020942824658654
"169",2018-04-04,1.094979e+12,1.54586e+13,5.65953e+12,2.11182e+13,27.7217563009309,0.0556074520609648,30.3691865987131,0.00436306806584241
"170",2018-04-11,1.053411e+12,1.54578e+13,5.66407e+12,2.11218e+13,27.6830545863182,-0.038701714612678,30.3691348462451,-5.17524679573e-05
"171",2018-04-18,1.038562e+12,1.53835e+13,5.6963e+12,2.10798e+13,27.6688581799731,-0.0141964063451887,30.3643166223868,-0.00481822385834718
"172",2018-04-25,1.030126e+12,1.53432e+13,5.71643e+12,2.10596e+13,27.6607022407855,-0.0081559391875885,30.361693495067,-0.00262312731975811
"173",2018-05-02,1.082156e+12,1.53339e+13,5.71142e+12,2.10453e+13,27.7099764634094,0.0492742226239713,30.3610871795884,-0.000606315478638209
"174",2018-05-09,1.078119e+12,1.53335e+13,5.70747e+12,2.1041e+13,27.7062389719333,-0.0037374914761763,30.3610610932557,-2.60863327206096e-05
"175",2018-05-16,1.091843e+12,1.53659e+13,5.70807e+12,2.1074e+13,27.7188882100212,0.0126492380879171,30.3631718844783,0.00211079122260927
"176",2018-05-23,1.053016e+12,1.53726e+13,5.71035e+12,2.1083e+13,27.6826795436468,-0.0362086663743675,30.3636078198757,0.000435935397373299
"177",2018-05-30,1.064167e+12,1.53988e+13,5.70694e+12,2.11057e+13,27.6932134494191,0.0105339057722809,30.3653107002341,0.00170288035846511
"178",2018-06-06,1.10362e+12,1.54259e+13,5.67647e+12,2.11024e+13,27.7296168016335,0.0364033522143963,30.3670690308574,0.00175833062331066
"179",2018-06-13,1.074693e+12,1.54209e+13,5.6659e+12,2.10868e+13,27.7030561553267,-0.0265606463067947,30.3667448481193,-0.000324182738165035
"180",2018-06-20,1.06524e+12,1.5454e+13,5.68021e+12,2.11342e+13,27.6942212418146,-0.00883491351205379,30.3688889854399,0.00214413732066987
"181",2018-06-27,1.018671e+12,1.54499e+13,5.68259e+12,2.11325e+13,27.6495199524824,-0.0447012893322736,30.3686236467594,-0.00026533868049583
"182",2018-07-11,1.032093e+12,1.54822e+13,5.72557e+12,2.12078e+13,27.6626098952068,0.0130899427243953,30.3707120928552,0.00208844609580439
"183",2018-07-18,1.059162e+12,1.55127e+13,5.72812e+12,2.12409e+13,27.6884991453527,0.0258892501459016,30.3726801592045,0.00196806634927782
"184",2018-07-25,1.043551e+12,1.55383e+13,5.7272e+12,2.12655e+13,27.6736504362512,-0.0148487091014964,30.3743290597746,0.00164890057004641
"185",2018-08-01,1.069562e+12,1.55666e+13,5.69823e+12,2.12648e+13,27.6982703348031,0.0246198985519435,30.3761487092709,0.00181964949629787
"186",2018-08-08,1.023142e+12,1.56041e+13,5.69448e+12,2.12986e+13,27.6538994006943,-0.0443709341088017,30.3785548161656,0.00240610689472831
"187",2018-08-15,1.068346e+12,1.56731e+13,5.69923e+12,2.13723e+13,27.697132774037,0.043233373342737,30.3829669829795,0.00441216681393897
"188",2018-08-22,1.043367e+12,1.57109e+13,5.69585e+12,2.14068e+13,27.6734740996625,-0.0236586743745484,30.3853758549065,0.00240887192699191
"189",2018-08-29,1.038607e+12,1.57294e+13,5.71002e+12,2.14394e+13,27.668901508176,-0.00457259148648248,30.3865526885967,0.00117683369020938
"190",2018-09-05,1.072492e+12,1.57846e+13,5.68643e+12,2.14711e+13,27.7010060285133,0.0321045203372918,30.3900558971043,0.00350320850754215
"191",2018-09-12,1.084098e+12,1.57646e+13,5.68613e+12,2.14508e+13,27.7117694207637,0.0107633922503894,30.3887880359427,-0.00126786116155841
"192",2018-09-19,1.056875e+12,1.5793e+13,5.70125e+12,2.14943e+13,27.6863375565993,-0.0254318641644389,30.3905879198165,0.00179988387374053
"193",2018-09-26,1.004035e+12,1.57611e+13,5.70997e+12,2.14711e+13,27.6350479971482,-0.0512895594510177,30.3885659948769,-0.00202192493956233
"194",2018-10-03,1.054169e+12,1.57716e+13,5.83375e+12,2.16054e+13,27.6837738947504,0.0487258976021252,30.3892319702224,0.00066597534546986
"195",2018-10-10,1.050943e+12,1.5757e+13,5.83739e+12,2.15944e+13,27.6807089722898,-0.00306492246051704,30.3883058269085,-0.000926143313915162
"196",2018-10-17,1.037936e+12,1.58096e+13,5.84418e+12,2.16538e+13,27.6682552417386,-0.0124537305512291,30.3916384663871,0.00333263947865348
"197",2018-10-24,1.060285e+12,1.58261e+13,5.84499e+12,2.16711e+13,27.6895588558385,0.0213036140999314,30.3926815918116,0.00104312542451268
"198",2018-10-31,1.100029e+12,1.58433e+13,5.85904e+12,2.17024e+13,27.7263576590217,0.0367988031831743,30.3937678139498,0.0010862221381629
"199",2018-11-07,1.095841e+12,1.58649e+13,5.82559e+12,2.16904e+13,27.7225432209376,-0.00381443808415582,30.3951302377607,0.00136242381094931
"200",2018-11-14,1.069409e+12,1.59019e+13,5.82386e+12,2.17257e+13,27.6981272753598,-0.0244159455777684,30.3974597148709,0.00232947711016251
"201",2018-11-21,1.093377e+12,1.59417e+13,5.8276e+12,2.17693e+13,27.7202921878833,0.0221649125235395,30.3999594335412,0.00249971867028265
"202",2018-11-28,1.134623e+12,1.5968e+13,5.83391e+12,2.18019e+13,27.7573215530947,0.0370293652113851,30.4016078354977,0.00164840195647642
"203",2018-12-05,1.170173e+12,1.60418e+13,5.79725e+12,2.1839e+13,27.7881727170554,0.0308511639606621,30.4062189315222,0.00461109602450094
"204",2018-12-12,1.189617e+12,1.60489e+13,5.78771e+12,2.18367e+13,27.8046525225081,0.0164798054526827,30.4066614273303,0.000442495808183452
"205",2018-12-19,1.203e+12,1.60824e+13,5.79083e+12,2.18732e+13,27.8158395529211,0.0111870304130228,30.4087466222735,0.00208519494314174
"206",2018-12-26,1.132683e+12,1.60644e+13,5.79694e+12,2.18613e+13,27.7556102706534,-0.0602292822676773,30.4076267595263,-0.00111986274722042
"207",2019-01-02,1.255841e+12,1.60994e+13,5.8445e+12,2.19439e+13,27.8588265836044,0.103216312950966,30.4098031201438,0.00217636061752202
"208",2019-01-09,1.236314e+12,1.60902e+13,5.84004e+12,2.19302e+13,27.8431554880074,-0.0156710955969324,30.4092315069364,-0.000571613207402066
"209",2019-01-16,1.227492e+12,1.61093e+13,5.85109e+12,2.19604e+13,27.8359941792822,-0.00716130872520537,30.4104178609009,0.00118635396451339
"210",2019-01-23,1.211162e+12,1.60931e+13,5.85471e+12,2.19478e+13,27.8226013452933,-0.013392833988938,30.4094117246274,-0.00100613627348523
"211",2019-01-30,1.17432e+12,1.60931e+13,5.87508e+12,2.19682e+13,27.7917103725954,-0.0308909726979145,30.4094117246274,0
"212",2019-02-06,1.150896e+12,1.61134e+13,5.84418e+12,2.19576e+13,27.7715618853739,-0.020148487221455,30.4106723398876,0.00126061526016841
"213",2019-02-13,1.152014e+12,1.61717e+13,5.84838e+12,2.20201e+13,27.7725328309062,0.000970945532245082,30.4142839169538,0.00361157706617732
"214",2019-02-20,1.18172e+12,1.61863e+13,5.85344e+12,2.20398e+13,27.7979921202176,0.0254592893113781,30.4151863213663,0.000902404412556734
"215",2019-02-27,1.19064e+12,1.62119e+13,5.86237e+12,2.20743e+13,27.8055120936073,0.00751997338975841,30.4167666564052,0.00158033503885591
"216",2019-03-06,1.214209e+12,1.62221e+13,5.80631e+12,2.20284e+13,27.8251139519032,0.0196018582958857,30.4173956260257,0.000628969620539266
"217",2019-03-13,1.193403e+12,1.62194e+13,5.80889e+12,2.20283e+13,27.8078300058573,-0.0172839460459251,30.4172291725629,-0.000166453462771443
"218",2019-03-20,1.208231e+12,1.62162e+13,5.8119e+12,2.20281e+13,27.8201784223255,0.0123484164682566,30.4170318585,-0.000197314062965859
"219",2019-03-27,1.172681e+12,1.62088e+13,5.81911e+12,2.20279e+13,27.790313696355,-0.0298647259705334,30.4165754205584,-0.000456437941618759
"220",2019-04-10,1.253107e+12,1.62243e+13,5.80304e+12,2.20273e+13,27.8566471832484,0.0663334868934058,30.4175312342906,0.000955813732268496
"221",2019-04-17,1.238151e+12,1.61946e+13,5.83238e+12,2.2027e+13,27.8446402536739,-0.0120069295744614,30.4156989692656,-0.00183226502497291
"222",2019-04-24,1.272836e+12,1.61694e+13,5.85731e+12,2.20268e+13,27.8722685976681,0.0276283439941096,30.4141416830777,-0.00155728618791073
"223",2019-05-01,1.329404e+12,1.62004e+13,5.82707e+12,2.20275e+13,27.9157518374255,0.0434832397574958,30.4160570492201,0.00191536614234877
"224",2019-05-08,1.316753e+12,1.61921e+13,5.83513e+12,2.20273e+13,27.9061899736441,-0.00956186378142121,30.4155445849039,-0.000512464316226868
"225",2019-05-15,1.308544e+12,1.61942e+13,5.83277e+12,2.2027e+13,27.8999361846409,-0.0062537890032246,30.4156742693694,0.000129684465527191
"226",2019-05-22,1.290787e+12,1.61904e+13,5.8363e+12,2.20267e+13,27.8862732257999,-0.0136629588410315,30.4154395899219,-0.000234679447480346
"227",2019-05-29,1.330847e+12,1.61818e+13,5.8452e+12,2.2027e+13,27.9168366975696,0.030563471769721,30.4149082698261,-0.000531320095781496
"228",2019-06-05,1.333591e+12,1.6202e+13,5.82378e+12,2.20258e+13,27.91889641971,0.0020597221403591,30.4161558073368,0.00124753751072149
"229",2019-06-12,1.307089e+12,1.61902e+13,5.83522e+12,2.20255e+13,27.898823643126,-0.0200727765839126,30.4154272368463,-0.000728570490547753
"230",2019-06-19,1.303716e+12,1.61733e+13,5.85181e+12,2.20251e+13,27.896239764302,-0.00258387882406552,30.4143828503284,-0.00104438651790417
"231",2019-06-26,1.253718e+12,1.61617e+13,5.86362e+12,2.20253e+13,27.8571346524671,-0.0391051118348571,30.4136653615084,-0.000717488820018986
"232",2019-07-03,1.304475e+12,1.62159e+13,5.80706e+12,2.2023e+13,27.8968217769087,0.0396871244416204,30.4170133583103,0.00334799680196696
"233",2019-07-10,1.287083e+12,1.62199e+13,5.80273e+12,2.20227e+13,27.8833995335276,-0.0134222433811679,30.4172599993687,0.000246641058353703
"234",2019-07-17,1.285608e+12,1.62159e+13,5.8065e+12,2.20224e+13,27.8822528741257,-0.00114665940185787,30.4170133583103,-0.000246641058353703
"235",2019-07-24,1.315515e+12,1.62166e+13,5.80595e+12,2.20225e+13,27.9052493398703,0.0229964657445905,30.4170565248871,4.31665767450795e-05
"236",2019-07-31,1.361693e+12,1.62112e+13,5.81118e+12,2.20224e+13,27.9397498944307,0.0345005545603918,30.4167234773137,-0.000333047573374046
"237",2019-08-07,1.339581e+12,1.6437e+13,5.88454e+12,2.23215e+13,27.9233779944276,-0.0163719000031293,30.4305560071529,0.0138325298392239
"238",2019-08-14,1.343553e+12,1.64572e+13,5.88494e+12,2.23421e+13,27.9263387134237,0.00296071899614603,30.4317841873512,0.0012281801982823
"239",2019-08-21,1.336462e+12,1.65179e+13,5.89671e+12,2.24146e+13,27.9210469396483,-0.00529177377541146,30.4354657572971,0.00368156994583302
"240",2019-08-28,1.394988e+12,1.65575e+13,5.89932e+12,2.24568e+13,27.9639069290143,0.0428599893660433,30.4378602873055,0.00239453000849466
"241",2019-09-04,1.416898e+12,1.66605e+13,5.85676e+12,2.25173e+13,27.9794910909834,0.0155841619690342,30.4440617642217,0.00620147691615003
"242",2019-09-11,1.379905e+12,1.66849e+13,5.85459e+12,2.25395e+13,27.9530357721483,-0.0264553188350476,30.4455252347067,0.00146347048497475
"243",2019-09-18,1.416908e+12,1.67232e+13,5.86697e+12,2.25902e+13,27.9794981486295,0.0264623764811951,30.4478180928326,0.00229285812597624
"244",2019-09-25,1.344528e+12,1.67335e+13,5.87396e+12,2.26074e+13,27.9270641380242,-0.0524340106053245,30.4484338140679,0.000615721235234901
"245",2019-10-02,1.324177e+12,1.68043e+13,6.02327e+12,2.28275e+13,27.9118122503088,-0.0152518877153796,30.4526559219685,0.00422210790060973
"246",2019-10-09,1.30602e+12,1.68087e+13,6.01517e+12,2.28239e+13,27.8980054606012,-0.0138067897076084,30.4529177254389,0.000261803470390731
"247",2019-10-16,1.387718e+12,1.6877e+13,6.02082e+12,2.28978e+13,27.9586817873425,0.0606763267413051,30.4569728641829,0.00405513874401109
"248",2019-10-23,1.3232e+12,1.69047e+13,6.02194e+12,2.29266e+13,27.9110741612158,-0.0476076261266805,30.458612805702,0.00163994151910885
"249",2019-10-30,1.26528e+12,1.69318e+13,6.03146e+12,2.29632e+13,27.8663145574886,-0.0447596037272291,30.4602146265638,0.00160182086176164
"250",2019-11-06,1.331456e+12,1.69903e+13,5.99549e+12,2.29858e+13,27.9172941962169,0.0509796387283004,30.4636637089021,0.00344908233828889
"251",2019-11-13,1.304977e+12,1.70099e+13,5.99492e+12,2.30049e+13,27.8972065320268,-0.0200876641900898,30.4648166434243,0.00115293452221721
"252",2019-11-20,1.315238e+12,1.70503e+13,6.00313e+12,2.30534e+13,27.905038753775,0.00783222174815634,30.4671889148112,0.00237227138692475
"253",2019-11-27,1.258164e+12,1.70724e+13,6.00371e+12,2.30761e+13,27.8606746313697,-0.0443641224052627,30.4684842403915,0.00129532558033674
"254",2019-12-04,1.29828e+12,1.71237e+13,5.96618e+12,2.30899e+13,27.8920614274339,0.0313867960641829,30.4714845847866,0.00300034439505126
"255",2019-12-11,1.24259e+12,1.71059e+13,5.96347e+12,2.30694e+13,27.8482190269016,-0.0438424005323128,30.470444549168,-0.00104003561855492
"256",2019-12-18,1.258298e+12,1.71327e+13,5.96686e+12,2.30996e+13,27.860781130097,0.0125621031954104,30.4720100340578,0.00156548488976327
"257",2020-01-08,1.257282e+12,1.71578e+13,6.0049e+12,2.31628e+13,27.8599733640508,-0.000807766046193592,30.4734739966412,0.00146396258338655
"258",2020-01-15,1.294453e+12,1.71782e+13,6.01591e+12,2.31941e+13,27.8891093280243,0.0291359639734594,30.4746622540037,0.00118825736255346
"259",2020-01-22,1.27625e+12,1.71769e+13,6.0283e+12,2.32052e+13,27.8749472064253,-0.0141621215989716,30.4745865738281,-7.56801756125469e-05
"260",2020-01-29,1.294415e+12,1.71888e+13,6.05625e+12,2.32451e+13,27.8890799715642,0.0141327651389247,30.4752791248587,0.000692551030567756
"261",2020-02-05,1.349002e+12,1.72319e+13,6.01466e+12,2.32465e+13,27.9303861757328,0.0413062041685457,30.4777834331688,0.00250430831013659
"262",2020-02-12,1.321254e+12,1.72597e+13,6.01441e+12,2.32741e+13,27.9096024015624,-0.0207837741703401,30.4793954202045,0.00161198703567678
"263",2020-02-19,1.344761e+12,1.73257e+13,6.02752e+12,2.33532e+13,27.9272374180254,0.0176350164629895,30.4832120642287,0.00381664402419801
"264",2020-02-26,1.345562e+12,1.73892e+13,6.03741e+12,2.34266e+13,27.9278328855761,0.000595467550677853,30.4868704397863,0.00365837555759185
"265",2020-03-04,1.538976e+12,1.74639e+13,5.99666e+12,2.34606e+13,28.0621383761218,0.1343054905457,30.4911570090947,0.00428656930845861
"266",2020-03-11,1.571431e+12,1.74849e+13,5.99818e+12,2.3483e+13,28.083007785125,0.020869409003172,30.4923587672397,0.00120175814490864
"267",2020-03-18,1.532701e+12,1.75066e+13,6.00695e+12,2.35136e+13,28.0580526543945,-0.0249551307304934,30.4935990686147,0.00124030137500952
"268",2020-03-25,1.414621e+12,1.75308e+13,6.01175e+12,2.35425e+13,27.977882766624,-0.0801698877704311,30.4949804498729,0.00138138125821285
"269",2020-04-01,1.363848e+12,1.77191e+13,5.98318e+12,2.37023e+13,27.9413312321901,-0.0365515344339187,30.5056642697479,0.0106838198750232
"270",2020-04-08,1.335916e+12,1.81103e+13,6.00151e+12,2.41118e+13,27.9206383148148,-0.0206929173752748,30.5275019531201,0.0218376833722225
"271",2020-04-15,1.377702e+12,1.8441e+13,5.94289e+12,2.43839e+13,27.9514380096908,0.0307996948759275,30.5455975625215,0.0180956094014029
"272",2020-04-22,1.34257e+12,1.86868e+13,5.92254e+12,2.46093e+13,27.9256068034971,-0.0258312061936543,30.5588385081839,0.0132409456623677
"273",2020-04-29,1.349862e+12,1.89269e+13,5.92715e+12,2.48541e+13,27.9310234809316,0.00541667743450702,30.5716053065139,0.0127667983299808
"274",2020-05-06,1.354911e+12,1.91486e+13,5.90994e+12,2.50585e+13,27.9347568854462,0.00373340451456627,30.5832507218331,0.0116454153192684
"275",2020-05-13,1.36535e+12,1.92613e+13,5.92745e+12,2.51888e+13,27.9424319219544,0.007675036508207,30.5891190174246,0.00586829559147972
"276",2020-05-20,1.382443e+12,1.94294e+13,5.93163e+12,2.5361e+13,27.9548733398365,0.0124414178821262,30.5978084987588,0.00868948133412673
"277",2020-05-27,1.394339e+12,1.96586e+13,5.92458e+12,2.55831e+13,27.9634415837811,0.00856824394457334,30.6095360175321,0.0117275187733661
"278",2020-06-03,1.409364e+12,1.99486e+13,5.88153e+12,2.58301e+13,27.9741596547289,0.0107180709478563,30.6241800813634,0.0146440638312946
"279",2020-06-10,1.39421e+12,2.00963e+13,5.8906e+12,2.59869e+13,27.9633490625451,-0.0108105921838764,30.6315568344469,0.00737675308344521
"280",2020-06-17,1.369841e+12,2.02411e+13,5.90337e+12,2.61445e+13,27.9457157906391,-0.0176332719059467,30.6387363066971,0.00717947225025384
"281",2020-06-24,1.356463e+12,2.03408e+13,5.89697e+12,2.62378e+13,27.9359016925953,-0.00981409804386857,30.6436498371423,0.00491353044515819
"282",2020-07-01,1.363858e+12,2.05243e+13,5.90465e+12,2.6429e+13,27.9413385643586,0.00543687176335439,30.6526306659352,0.00898082879288609
"283",2020-07-08,1.365874e+12,2.05568e+13,5.88998e+12,2.64467e+13,27.9428156327056,0.00147706834702532,30.6542129023787,0.00158223644353228
"284",2020-07-15,1.399676e+12,2.05744e+13,5.91109e+12,2.64855e+13,27.9672618971946,0.0244462644889722,30.6550687004626,0.000855798083897241
"285",2020-07-22,1.413432e+12,2.05712e+13,5.92057e+12,2.64918e+13,27.9770419053884,0.00978000819375424,30.6549131552764,-0.000155545186188988
"286",2020-07-29,1.352888e+12,2.05844e+13,5.93599e+12,2.65204e+13,27.9332626826812,-0.0437792227071405,30.6555546232882,0.000641468011771451
"287",2020-08-05,1.405685e+12,2.06087e+13,5.89558e+12,2.65043e+13,27.971545844387,0.0382831617058272,30.6567344326649,0.00117980937674744
"288",2020-08-12,1.40123e+12,2.05956e+13,5.89318e+12,2.64888e+13,27.9683715382604,-0.00317430612668801,30.656098576677,-0.000635855987912493
"289",2020-08-19,1.423359e+12,2.06778e+13,5.9003e+12,2.65781e+13,27.9840406871253,0.0156691488649088,30.660081776931,0.00398320025398036
"290",2020-08-26,1.376391e+12,2.06992e+13,5.90981e+12,2.6609e+13,27.9504859720515,-0.0335547150737732,30.66111616811,0.0010343911790649
"291",2020-09-02,1.417041e+12,2.08329e+13,5.87858e+12,2.67115e+13,27.9795920105869,0.0291060385353887,30.6675545837865,0.00643841567642411
"292",2020-09-09,1.416434e+12,2.08182e+13,5.87899e+12,2.66972e+13,27.9791635614146,-0.000428449172332535,30.6668487200465,-0.000705863739991486
"293",2020-09-16,1.395864e+12,2.09011e+13,5.88047e+12,2.67815e+13,27.9645346943195,-0.0146288670950163,30.6708229050933,0.00397418504678626
"294",2020-09-23,1.408415e+12,2.08905e+13,5.88734e+12,2.67778e+13,27.973486074554,0.00895138023447117,30.6703156261077,-0.000507278985597992
"295",2020-09-30,1.424532e+12,2.1019e+13,5.92644e+12,2.69454e+13,27.9848644546545,0.0113783801005205,30.6764479065064,0.00613228039872027
"296",2020-10-07,1.475011e+12,2.10105e+13,6.04253e+12,2.7053e+13,28.0196865633196,0.0348221086651144,30.6760434286936,-0.000404477812768533
"297",2020-10-14,1.427971e+12,2.1018e+13,6.03991e+12,2.70579e+13,27.9872756715165,-0.0324108918031634,30.676400329372,0.000356900678333716
"298",2020-10-21,1.425531e+12,2.10905e+13,6.05031e+12,2.71408e+13,27.9855654918182,-0.00171017969827503,30.6798438180566,0.00344348868469169
"299",2020-10-28,1.407117e+12,2.10762e+13,6.0912e+12,2.71674e+13,27.9725640462539,-0.0130014455643241,30.6791655576973,-0.000678260359393335
"300",2020-11-04,1.430742e+12,2.1159e+13,6.03801e+12,2.7197e+13,27.989214306747,0.0166502604931082,30.6830864628227,0.0039209051254474
"301",2020-11-18,1.450879e+12,2.12097e+13,6.0369e+12,2.72466e+13,28.0031906955884,0.0139763888414173,30.6854797401335,0.00239327731083705
"302",2020-11-25,1.385495e+12,2.11976e+13,6.05655e+12,2.72542e+13,27.9570785924374,-0.046112103150957,30.6849090836509,-0.000570656482651088
"303",2020-12-02,1.499841e+12,2.13419e+13,6.07039e+12,2.74123e+13,28.0363802184183,0.0793016259808681,30.6916933925155,0.00678430886458159
"304",2020-12-09,1.452888e+12,2.13542e+13,6.0509e+12,2.74051e+13,28.0045744156462,-0.0318058027721015,30.6922695575676,0.000576165052088129
"305",2020-12-16,1.46855e+12,2.14479e+13,6.05262e+12,2.75005e+13,28.0152966353541,0.010722219707894,30.6966478544119,0.0043782968443935
"306",2020-12-23,1.444189e+12,2.14482e+13,6.06857e+12,2.75167e+13,27.9985690342609,-0.016727601093212,30.6966618416975,1.39872855555723e-05
"307",2020-12-30,1.448899e+12,2.14685e+13,6.09204e+12,2.75605e+13,28.0018250735941,0.0032560393331984,30.6976078604508,0.000946018753257505
"308",2021-01-06,1.534806e+12,2.15957e+13,6.10327e+12,2.7699e+13,28.0594251046157,0.057600031021618,30.7035153367267,0.00590747627595789
"309",2021-01-13,1.472472e+12,2.15787e+13,6.10072e+12,2.76794e+13,28.0179637370112,-0.0414613676044873,30.7027278329801,-0.000787503746597196
"310",2021-01-20,1.40584e+12,2.16368e+13,6.11507e+12,2.77519e+13,27.971656104833,-0.0463076321782232,30.7054166846655,0.00268885168538446
"311",2021-01-27,1.407321e+12,2.1637e+13,6.13147e+12,2.77685e+13,27.972709013029,0.00105290819602644,30.7054259281338,9.2434683338638e-06
"312",2021-02-03,1.449135e+12,2.17492e+13,6.10185e+12,2.78511e+13,28.0019879426291,0.029278929600089,30.7105980911776,0.00517216304374557
"313",2021-02-10,1.399996e+12,2.17499e+13,6.09677e+12,2.78466e+13,27.9674904954028,-0.0344974472262969,30.7106302757515,3.21845739357229e-05
"314",2021-02-17,1.410058e+12,2.18136e+13,6.10664e+12,2.79202e+13,27.9746519542244,0.00716145882156738,30.7135547444191,0.00292446866755824
"315",2021-02-24,1.368104e+12,2.17606e+13,6.15846e+12,2.7919e+13,27.9444469556311,-0.0302049985932982,30.7111221110656,-0.0024326333535214
"316",2021-03-03,1.402992e+12,2.1868e+13,6.11144e+12,2.79795e+13,27.9696282149656,0.0251812593345271,30.7160454969613,0.00492338589574004
"317",2021-03-10,1.34503e+12,2.18162e+13,6.11044e+12,2.79266e+13,27.9274374335663,-0.0421907813993023,30.7136739290132,-0.00237156794806026
"318",2021-03-17,1.307668e+12,2.18604e+13,6.11449e+12,2.79749e+13,27.8992665141152,-0.0281709194511457,30.7156978967712,0.00202396775795677
"319",2021-03-24,1.278511e+12,2.18405e+13,6.13929e+12,2.79797e+13,27.8767172354733,-0.0225492786419146,30.7147871603161,-0.000910736455107752
"320",2021-03-31,1.330801e+12,2.19869e+13,6.14563e+12,2.81326e+13,27.9168021325182,0.0400848970449097,30.7214679373879,0.00668077707185688
"321",2021-04-07,1.356981e+12,2.19692e+13,6.11994e+12,2.80891e+13,27.9362834952094,0.0194813626912556,30.7206625883712,-0.00080534901670859
"322",2021-04-14,1.32943e+12,2.19529e+13,6.13073e+12,2.80836e+13,27.9157713948707,-0.0205121003387632,30.7199203651739,-0.000742223197356395
"323",2021-04-21,1.299223e+12,2.19852e+13,6.16979e+12,2.8155e+13,27.8927875093991,-0.0229838854715609,30.7213906156316,0.00147025045772864
"324",2021-04-28,1.266371e+12,2.19432e+13,6.16876e+12,2.8112e+13,27.8671764456932,-0.0256110637058811,30.7194784124647,-0.0019122031668708
"325",2021-05-05,1.307355e+12,2.20434e+13,6.13447e+12,2.81779e+13,27.8990271280742,0.0318506823809948,30.7240343532884,0.00455594082368194
"326",2021-05-12,1.307324e+12,2.20053e+13,6.15184e+12,2.81572e+13,27.8990034157944,-2.37122797877021e-05,30.7223044493638,-0.00172990392458416
"327",2021-05-19,1.327737e+12,2.20434e+13,6.1739e+12,2.82173e+13,27.9144971052012,0.0154936894067532,30.7240343532884,0.00172990392458416
"328",2021-05-26,1.335763e+12,2.20059e+13,6.18184e+12,2.81877e+13,27.920523780097,0.00602667489585684,30.7223317151507,-0.00170263813769012
"329",2021-06-02,1.386134e+12,2.2135e+13,6.14184e+12,2.82769e+13,27.9575396931196,0.0370159130225929,30.7281811821127,0.0058494669619229
"330",2021-06-09,1.358088e+12,2.21202e+13,6.09765e+12,2.82178e+13,27.9370989441437,-0.0204407489758758,30.7275123341331,-0.000668847979525822
"331",2021-06-16,1.34057e+12,2.22001e+13,6.11095e+12,2.83111e+13,27.9241160125802,-0.0129829315635561,30.7311179093011,0.00360557516801308
"332",2021-06-23,1.308494e+12,2.21834e+13,6.12152e+12,2.83049e+13,27.899897973503,-0.0242180390772262,30.7303653773562,-0.000752531944893775
"333",2021-06-30,1.383329e+12,2.23298e+13,6.19961e+12,2.85294e+13,27.955514028968,0.0556160554650518,30.7369432251798,0.00657784782357851
"334",2021-07-07,1.33812e+12,2.23068e+13,6.1657e+12,2.84725e+13,27.9222867597117,-0.0332272692563365,30.7359126806475,-0.00103054453231621
"335",2021-07-14,1.328672e+12,2.22908e+13,6.17038e+12,2.84612e+13,27.9152010630922,-0.00708569661952296,30.7351951532161,-0.000717527431362441
"336",2021-07-21,1.342934e+12,2.23032e+13,6.17093e+12,2.84742e+13,27.9258778885539,0.0106768254617826,30.7357512818576,0.00055612864150234
"337",2021-07-28,1.28779e+12,2.22891e+13,6.1945e+12,2.84836e+13,27.8839486868394,-0.0419292017145239,30.7351188856606,-0.000632396197094209
"338",2021-08-04,1.357962e+12,2.22805e+13,6.14716e+12,2.84277e+13,27.9370061623466,0.0530574755071704,30.7347329723875,-0.000385913273028393
"339",2021-08-11,1.355738e+12,2.22791e+13,6.14851e+12,2.84276e+13,27.935367071439,-0.0016390909075561,30.7346701351987,-6.28371888637957e-05
"340",2021-08-18,1.373502e+12,2.22655e+13,6.1621e+12,2.84276e+13,27.9483847986146,0.0130177271756118,30.7340595112208,-0.00061062397788092
"341",2021-08-25,1.325471e+12,2.2249e+13,6.17862e+12,2.84276e+13,27.9127889838998,-0.0355958147148918,30.7333181797106,-0.000741331510212717
"342",2021-09-01,1.38478e+12,2.22927e+13,6.13465e+12,2.84273e+13,27.9565623981853,0.0437734142855888,30.7352803865424,0.00196220683186255
"343",2021-09-08,1.368062e+12,2.22934e+13,6.13388e+12,2.84273e+13,27.9444162557393,-0.0121461424459994,30.735311786463,3.13999206049687e-05
"344",2021-09-15,1.397393e+12,2.22941e+13,6.13318e+12,2.84272e+13,27.9656294737492,0.0212132180098834,30.7353431853977,3.13989346807375e-05
"345",2021-09-22,1.359892e+12,2.22723e+13,6.15492e+12,2.84272e+13,27.9384264007585,-0.0272030729907016,30.7343648698174,-0.000978315580290712
"346",2021-09-29,1.362351e+12,2.22705e+13,6.1566e+12,2.84271e+13,27.9402329997056,0.00180659894712321,30.7342840486746,-8.08211428555694e-05
"347",2021-10-06,1.389655e+12,2.21578e+13,6.2711e+12,2.84289e+13,27.9600766308252,0.0198436311195778,30.7292106949009,-0.00507335377366402
"348",2021-10-13,1.391964e+12,2.21518e+13,6.27702e+12,2.84288e+13,27.9617368154374,0.001660184612156,30.7289398732263,-0.000270821674611454
"349",2021-10-20,1.382161e+12,2.24814e+13,6.34747e+12,2.88289e+13,27.9546693323179,-0.00706748311946725,30.7437094165949,0.0147695433686472
"350",2021-10-27,1.365361e+12,2.26252e+13,6.28354e+12,2.89088e+13,27.9424399784642,-0.0122293538536979,30.7500854452545,0.00637602865953113
"351",2021-11-03,1.387895e+12,2.2675e+13,6.23371e+12,2.89087e+13,27.9588093267367,0.0163693482724732,30.7522841119297,0.00219866667527313
