"","Date","SOFR","US.Policy","D.Include","SOFRV","bills","non_bills","debt","Spread","Reserves"
"1",2014-08-27,0.04,0.25,1,6.43294009273918,27.9949949847888,29.9027478368132,30.0411292782966,-0.21,14.837278518685
"2",2014-09-03,0.05,0.25,1,6.51767127291227,28.0039886080372,29.9045851314619,30.0438942971262,-0.2,14.837278518685
"3",2014-09-10,0.05,0.25,1,6.36990098282823,28.0156282052468,29.9045851314619,30.0454156071794,-0.2,14.8424553300405
"4",2014-09-17,0.05,0.25,1,6.4281052726846,27.9956889386556,29.9075660817183,30.04541548266,-0.2,14.8424553300405
"5",2014-09-24,0.03,0.25,1,6.38350663488401,27.9831087963338,29.9075660817183,30.0438043861914,-0.22,14.8158295216718
"6",2014-10-01,0.03,0.25,0,6.42971947803914,27.9753445122356,29.9093392813085,30.0443678839189,-0.22,14.8158295216718
"7",2014-10-08,0.04,0.25,1,6.40357419793482,27.9682318509355,29.9093392813085,30.0434722767114,-0.21,14.8348339381142
"8",2014-10-15,0.09,0.25,1,6.45362499889269,27.9660899975934,29.9123061140118,30.0457992658352,-0.16,14.8348339381142
"9",2014-10-22,0.07,0.25,1,6.41345895716736,27.9725074170211,29.9123061140118,30.0466034838371,-0.18,14.7935400202171
"10",2014-10-29,0.07,0.25,1,6.38519439899773,27.9717961536384,29.9123061140118,30.0465141271749,-0.18,14.7935400202171
"11",2014-11-05,0.07,0.25,1,6.39859493453521,27.9774693805268,29.9139381366623,30.0486545897588,-0.18,14.757305670417
"12",2014-11-12,0.07,0.25,1,6.40191719672719,27.9824076925803,29.9139381366623,30.0492783411848,-0.18,14.757305670417
"13",2014-11-19,0.07,0.25,1,6.4085287910595,27.9873205245027,29.9145670780302,30.0504505584532,-0.18,14.733149580486
"14",2014-11-26,0.08,0.25,1,6.27476202124194,27.991511669631,29.9145670780302,30.0509840423001,-0.17,14.733149580486
"15",2014-12-03,0.12,0.25,1,6.38519439899773,27.9956871209906,29.9159663982514,30.0527378072239,-0.13,14.7080375557069
"16",2014-12-10,0.1,0.25,1,6.4393503711001,28.0046726779938,29.9159663982514,30.0538909457091,-0.15,14.7080375557069
"17",2014-12-17,0.11,0.25,1,6.44730586254121,28.0122137501157,29.9185917980676,30.0571510167019,-0.14,14.8214057684986
"18",2014-12-24,0.08,0.25,1,6.31535800152233,28.014260036714,29.9185917980676,30.0574160182218,-0.17,14.8214057684986
"19",2014-12-31,0.08,0.25,0,6.25958146406492,28.0081057155217,29.9198857673111,30.0577476712357,-0.17,14.7662765302566
"20",2015-01-07,0.07,0.25,1,6.37672694789863,27.9949881485947,29.9198857673111,30.0560679993512,-0.18,14.7662765302566
"21",2015-01-14,0.08,0.25,1,6.39526159811545,27.9831045079578,29.9198857673111,30.0545628390322,-0.17,14.8227923374237
"22",2015-01-21,0.07,0.25,1,6.31716468674728,27.9767545514516,29.9222885339906,30.0558669551688,-0.18,14.8227923374237
"23",2015-01-28,0.05,0.25,1,6.36990098282823,27.9767542494047,29.9222885339906,30.0558669174005,-0.2,14.7993507734755
"24",2015-02-04,0.08,0.25,1,6.38350663488401,27.976754869634,29.9235333350979,30.0569562293954,-0.17,14.7993507734755
"25",2015-02-11,0.08,0.25,1,6.40687998606931,27.9908100306139,29.9235333350979,30.0587226244584,-0.17,14.7306057754959
"26",2015-02-18,0.07,0.25,1,6.41345895716736,27.9998406601732,29.9216345646993,30.0582124860585,-0.18,14.7306057754959
"27",2015-02-25,0.04,0.25,1,6.37161184723186,28.0087900597476,29.9216345646993,30.0593594508222,-0.21,14.7015602028936
"28",2015-03-04,0.08,0.25,1,6.35957386867238,28.0183384769706,29.9228450206754,30.0616465874411,-0.17,14.7015602028936
"29",2015-03-11,0.07,0.25,1,6.42648845745769,28.0142560782964,29.9228450206754,30.0611184505854,-0.18,14.8218598860029
"30",2015-03-18,0.12,0.25,1,6.40191719672719,28.017658936518,29.9252456796828,30.0636485895511,-0.13,14.8218598860029
"31",2015-03-25,0.12,0.25,1,6.38519439899773,28.0210501938239,29.9252456796828,30.0640875647766,-0.13,14.8039306773124
"32",2015-04-01,0.16,0.25,0,6.43454651878745,28.021726490837,29.9264126162656,30.0651909111894,-0.09,14.8039306773124
"33",2015-04-08,0.12,0.25,1,6.4085287910595,28.0284697357514,29.9264126162656,30.0660672628227,-0.13,14.8339628543035
"34",2015-04-15,0.18,0.25,1,6.41673228251233,28.0217258084387,29.9284428544912,30.0669582172075,-0.07,14.8339628543035
"35",2015-04-22,0.07,0.25,1,6.3818160174061,28.0128907783619,29.9284428544912,30.065819790762,-0.18,14.7849294598117
"36",2015-04-29,0.08,0.25,0,6.35957386867238,28.0019093608033,29.9284428544912,30.0644169614035,-0.17,14.7849294598117
"37",2015-05-06,0.08,0.25,1,6.44888939414686,27.9908061228638,29.9296918296666,30.064103980749,-0.17,14.7738487731405
"38",2015-05-13,0.1,0.25,1,6.42648845745769,27.9852103574271,29.9296918296666,30.0634019185566,-0.15,14.7738487731405
"39",2015-05-20,0.05,0.25,1,6.35957386867238,27.9880135510416,29.9293881182532,30.0634875848886,-0.2,14.7605656017989
"40",2015-05-27,0.06,0.25,1,6.39692965521615,27.9942906142471,29.9293881182532,30.0642775025092,-0.19,14.7605656017989
"41",2015-06-03,0.13,0.25,1,6.4150969591716,28.0210509326066,29.9308061691575,30.0689290609338,-0.12,14.7514168408134
"42",2015-06-10,0.09,0.25,1,6.36647044773144,28.0217255660201,29.9308061691575,30.0690161198538,-0.16,14.7514168408134
"43",2015-06-17,0.11,0.25,1,6.36302810354046,27.9949840223252,29.9331840651124,30.0676824782311,-0.14,14.7616761586305
"44",2015-06-24,0.08,0.25,1,6.30261897574491,27.9781671365698,29.9331840651124,30.0655816354082,-0.17,14.7616761586305
"45",2015-07-01,0.12,0.25,0,6.39024066706535,27.963936807463,29.9347734630563,30.06522281025,-0.13,14.7342993670438
"46",2015-07-08,0.1,0.25,1,6.38012253689976,27.9603460751483,29.9347734630563,30.0647843584726,-0.15,14.7342993670438
"47",2015-07-15,0.17,0.25,1,6.38519439899773,27.9639357741511,29.9373670507132,30.0674994393072,-0.08,14.7809114028188
"48",2015-07-22,0.07,0.25,1,6.3919171133926,27.9781700875415,29.9373670507132,30.0692472140528,-0.18,14.7809114028188
"49",2015-07-29,0.16,0.25,1,6.34388043412633,27.9887102542183,29.9373670507132,30.0705555246911,-0.09,14.7754690233997
"50",2015-08-05,0.19,0.25,1,6.4150969591716,27.9956787045506,29.9390378564507,30.0728884798303,-0.06,14.7754690233997
"51",2015-08-12,0.2,0.25,1,6.38687931936265,28.0115240311728,29.9390378564507,30.0748873824467,-0.05,14.7491550387251
"52",2015-08-19,0.17,0.25,1,6.44571981938558,28.0067275133461,29.9384074266386,30.0737287123921,-0.08,14.7491550387251
"53",2015-08-26,0.15,0.25,1,6.4425401664682,28.0032873148982,29.9384074266386,30.0732939581107,-0.1,14.8021218129391
"54",2015-09-02,0.18,0.25,1,6.48004456192665,28.0019078852544,29.9403083272685,30.0747815232082,-0.07,14.8021218129391
"55",2015-09-09,0.1,0.25,1,6.43454651878745,27.9970673000303,29.9403083272685,30.0741737499855,-0.15,14.8138862184508
"56",2015-09-16,0.13,0.25,1,6.4831073514572,27.9859095382975,29.9428876363275,30.0750422160083,-0.12,14.8138862184508
"57",2015-09-23,0.09,0.25,1,6.45676965557216,27.961060048799,29.9428876363275,30.071999268553,-0.16,14.7588688361374
"58",2015-09-30,0.23,0.25,0,6.29526600143965,27.9370519946848,29.9449559159445,30.0709450294818,-0.02,14.7588688361374
"59",2015-10-07,0.1,0.25,1,6.40687998606931,27.8903241170455,29.9449559159445,30.0655261820491,-0.15,14.7956797181627
"60",2015-10-14,0.14,0.25,1,6.44571981938558,27.8802543648796,29.9449559159445,30.0643874986671,-0.11,14.7956797181627
"61",2015-10-21,0.09,0.25,1,6.47850964220857,27.8501887744054,29.9475232756678,30.0633339418052,-0.16,14.7996595445578
"62",2015-10-28,0.06,0.25,1,6.4707995037826,27.8453566280252,29.9475232756678,30.0628066524819,-0.19,14.7996595445578
"63",2015-11-04,0.09,0.25,1,6.48463523563525,27.8957093800464,29.947156592328,30.0680890913046,-0.16,14.7897950657774
"64",2015-11-18,0.07,0.25,1,6.49375383985169,27.9639303344615,29.9499361321303,30.0785426104197,-0.18,14.7686626835235
"65",2015-11-25,0.09,0.25,1,6.34388043412633,28.0060419523168,29.9499361321303,30.0837197432793,-0.16,14.7686626835235
"66",2015-12-02,0.11,0.25,1,6.48004456192665,28.0404934131195,29.9520609443774,30.0899502194434,-0.14,14.740319308293
"67",2015-12-09,0.19,0.25,1,6.48768401848461,28.0411564476124,29.9520609443774,30.0900356461717,-0.06,14.740319308293
"68",2015-12-16,0.25,0.5,0,6.50279004591562,28.0344982600117,29.9546101466211,30.091402954774,-0.25,14.720565605272
"69",2015-12-23,0.28,0.5,1,6.41836493593621,28.0344976230798,29.9546101466211,30.0914028733429,-0.22,14.720565605272
"70",2015-12-30,0.35,0.5,0,6.28785856016178,28.0378309211262,29.9546101466211,30.0918296521922,-0.15,14.6102879050734
"71",2016-01-06,0.38,0.5,1,6.4085287910595,28.045788894378,29.9566883861211,30.0946637329604,-0.12,14.6102879050734
"72",2016-01-13,0.36,0.5,1,6.41999492814714,28.0223979661994,29.9566883861211,30.0916796501679,-0.14,14.706825577179
"73",2016-01-20,0.39,0.5,1,6.47543271670409,27.9984488371593,29.9592258377884,30.0909109163286,-0.11,14.706825577179
"74",2016-01-27,0.39,0.5,1,6.42648845745769,28.0067252028663,29.9592258377884,30.0919357910933,-0.11,14.6848614527575
"75",2016-02-03,0.4,0.5,1,6.49223983502047,28.0217221436015,29.9615566610058,30.0958495293512,-0.1,14.6848614527575
"76",2016-02-10,0.4,0.5,1,6.46614472423762,28.0338270122651,29.9615566610058,30.0973787743893,-0.1,14.7157101185606
"77",2016-02-17,0.4,0.5,1,6.50727771238501,28.0490844010347,29.9621178603649,30.0998184373119,-0.1,14.7157101185606
"78",2016-02-24,0.36,0.5,1,6.51025834052315,28.0608640026818,29.9621178603649,30.1013415700788,-0.14,14.7122012580184
"79",2016-03-02,0.35,0.5,1,6.52356230614951,28.0705750958269,29.9645739017843,30.1047435073421,-0.15,14.7122012580184
"80",2016-03-09,0.32,0.5,1,6.52941883826223,28.0769973412476,29.9645739017843,30.1055858158411,-0.18,14.73487775267
"81",2016-03-16,0.37,0.5,1,6.52209279817015,28.090983695957,29.9668980167913,30.1094515505991,-0.13,14.73487775267
"82",2016-03-23,0.29,0.5,1,6.48157712927643,28.1060215113318,29.9668980167913,30.1114625320155,-0.21,14.6974069270961
"83",2016-03-30,0.35,0.5,0,6.43454651878745,28.1146916762511,29.9668980167913,30.1126339315877,-0.15,14.6974069270961
"84",2016-04-06,0.34,0.5,1,6.49828214947643,28.1122223039796,29.9683728772789,30.1135748096186,-0.16,14.7093118883949
"85",2016-04-13,0.36,0.5,1,6.49978704065585,28.098531647362,29.9683728772789,30.1117354027977,-0.14,14.7093118883949
"86",2016-04-20,0.3,0.5,1,6.47697236288968,28.0852861627615,29.9707261453831,30.1120193252291,-0.2,14.700188427459
"87",2016-04-27,0.29,0.5,1,6.49978704065585,28.0692851364313,29.9707261453831,30.1099255336579,-0.21,14.700188427459
"88",2016-05-04,0.31,0.5,1,6.49677499018586,28.0543354973931,29.972196936263,30.1092777446253,-0.19,14.6831739124185
"89",2016-05-11,0.35,0.5,1,6.50128967054039,28.0503980939913,29.972196936263,30.1087742272629,-0.15,14.6831739124185
"90",2016-05-18,0.34,0.5,1,6.50578406012823,28.0517115720126,29.9723804209283,30.1091020392494,-0.16,14.6802452240874
"91",2016-05-25,0.28,0.5,1,6.50727771238501,28.0530242017536,29.9723804209283,30.1092698723172,-0.22,14.6802452240874
"92",2016-06-01,0.34,0.5,0,6.54821910276237,28.0523685316174,29.9737828183307,30.1104092103537,-0.16,14.6958822561379
"93",2016-06-08,0.38,0.5,1,6.53524127101366,28.0484237043485,29.9737828183307,30.1099063062793,-0.12,14.6958822561379
"94",2016-06-15,0.42,0.5,1,6.53378883793334,28.0411512039449,29.9760856511939,30.1109956126299,-0.08,14.6932787329174
"95",2016-06-22,0.42,0.5,1,6.44888939414686,28.0371616506848,29.9760856511939,30.1104929861451,-0.08,14.6932787329174
"96",2016-06-29,0.49,0.5,0,6.46925031679577,28.0351606377019,29.9760856511939,30.1102415465292,-0.01,14.6286059839767
"97",2016-07-06,0.36,0.5,1,6.53233429222235,28.0418135984779,29.9767492846023,30.1116590896855,-0.14,14.6286059839767
"98",2016-07-13,0.38,0.5,1,6.52795791762255,28.0510547937952,29.9767492846023,30.112830097016,-0.12,14.656737168412
"99",2016-07-20,0.32,0.5,1,6.48920493132532,28.060862085849,29.9793937663291,30.1163887416675,-0.18,14.656737168412
"100",2016-07-27,0.35,0.5,1,6.48768401848461,28.0641094889617,29.9793937663291,30.1168050808297,-0.15,14.6602558776753
"101",2016-08-03,0.4,0.5,1,6.56667242980324,28.0692837930878,29.9794312542497,30.1175035544175,-0.1,14.6602558776753
"102",2016-08-10,0.35,0.5,1,6.52502965784346,28.0795532416936,29.9794312542497,30.1188338849751,-0.15,14.6749705870012
"103",2016-08-17,0.39,0.5,1,6.5410299991899,28.0941490890568,29.9807480021415,30.1218885520035,-0.11,14.6749705870012
"104",2016-08-24,0.35,0.5,1,6.52502965784346,28.1072623185027,29.9807480021415,30.1236245419033,-0.15,14.6690953285369
"105",2016-08-31,0.46,0.5,0,6.53958595561767,28.1214471486293,29.9807578857139,30.1255332976449,-0.04,14.6690953285369
"106",2016-09-07,0.35,0.5,1,6.54821910276237,28.1263341508623,29.9807578857139,30.126193378703,-0.15,14.6788856274918
"107",2016-09-14,0.4,0.5,1,6.6052979209482,28.1263346841307,29.9807578857139,30.1261934508832,-0.1,14.6788856274918
"108",2016-09-21,0.34,0.5,1,6.56807791141198,28.1232830035908,29.9831399091625,30.1278417240327,-0.16,14.5985578557499
"109",2016-09-28,0.64,0.5,1,6.4831073514572,28.1214471894741,29.9831399091625,30.1275945999932,0.14,14.5985578557499
"110",2016-10-05,0.5,0.5,1,6.52209279817015,28.129983949489,29.9830219929797,30.1286451577011,0,14.5405686268103
"111",2016-10-12,0.37,0.5,1,6.5510803350434,28.1420535728231,29.9830219929797,30.1302893500532,-0.13,14.5405686268103
"112",2016-10-19,0.3,0.5,1,6.5410299991899,28.1610676892019,29.9854935837224,30.1350424571499,-0.2,14.5595409488388
"113",2016-10-26,0.38,0.5,1,6.56526497003536,28.1768342492405,29.9854935837224,30.1372474128835,-0.12,14.5595409488388
"114",2016-11-02,0.34,0.5,1,6.56244409369372,28.1923559707928,29.9851350916905,30.1391401706326,-0.16,14.5771706948703
"115",2016-11-09,0.36,0.5,1,6.53087762772588,28.2104456876678,29.9851350916905,30.1417422649112,-0.14,14.5771706948703
"116",2016-11-16,0.31,0.5,1,6.56244409369372,28.2353429764257,29.985459525447,30.1456664219857,-0.19,14.5806685846741
"117",2016-11-23,0.26,0.5,1,6.49677499018586,28.2526777928886,29.985459525447,30.1482515644672,-0.24,14.5806685846741
"118",2016-11-30,0.27,0.5,0,6.54391184556479,28.2585684457265,29.9854423684392,30.1491241811276,-0.23,14.5670832381607
"119",2016-12-07,0.26,0.5,1,6.5191472879404,28.2532151828388,29.9854423684392,30.1483177378518,-0.24,14.5670832381607
"120",2016-12-14,0.26,0.75,0,6.55677835615804,28.243506134597,29.9854423684392,30.1468644453605,-0.49,14.5481923447156
"121",2016-12-21,0.46,0.75,1,6.3919171133926,28.2304128300009,29.9879080078511,30.1470260548075,-0.29,14.5481923447156
"122",2016-12-28,0.54,0.75,1,6.40025744530882,28.2282135219476,29.9879080078511,30.1467028303492,-0.21,14.4568253514839
"123",2017-01-04,0.55,0.75,1,6.45362499889269,28.2287636551228,29.9882508355865,30.1470760991456,-0.2,14.4568253514839
"124",2017-01-11,0.51,0.75,1,6.4707995037826,28.2260097993119,29.9882508355865,30.1466721575792,-0.24,14.5613388943863
"125",2017-01-18,0.62,0.75,1,6.5424719605068,28.2193690492345,29.9910025642189,30.1480532986495,-0.13,14.5613388943863
"126",2017-01-25,0.53,0.75,1,6.48768401848461,28.2070784299349,29.9910025642189,30.1462763433497,-0.22,14.5743574602074
"127",2017-02-01,0.56,0.75,0,6.53378883793334,28.19747650296,29.990945951081,30.1448525271585,-0.19,14.5743574602074
"128",2017-02-08,0.51,0.75,1,6.51767127291227,28.1917852624192,29.990945951081,30.1440426616985,-0.24,14.61922233941
"129",2017-02-15,0.55,0.75,1,6.55819780281227,28.2121253659804,29.9925467235062,30.1483250254241,-0.2,14.61922233941
"130",2017-02-22,0.5,0.75,1,6.50428817353665,28.204264713604,29.9925467235062,30.1471949242212,-0.25,14.626584319433
"131",2017-03-01,0.5,0.75,0,6.5366915975913,28.1923565273208,29.9931047730681,30.1459762782084,-0.25,14.626584319433
"132",2017-03-08,0.5,0.75,1,6.51323011091231,28.1721887920865,29.9931047730681,30.1431419236758,-0.25,14.6708025230385
"133",2017-03-15,0.53,1,0,6.59167373200866,28.1348290921653,29.9955515952748,30.1401368407385,-0.47,14.6708025230385
"134",2017-03-22,0.75,1,1,6.49375383985169,28.1593013900608,29.9955515952748,30.1434663665969,-0.25,14.6528329714686
"135",2017-03-29,0.76,1,1,6.43133108193348,28.1721896453399,29.9955515952748,30.1452483222012,-0.24,14.6528329714686
"136",2017-04-05,0.78,1,1,6.53524127101366,28.1946365771247,29.9959031035793,30.1487011535819,-0.22,14.6467369615732
"137",2017-04-12,0.8,1,1,6.57646956904822,28.2182734192516,29.9959031035793,30.1520845888028,-0.2,14.6467369615732
"138",2017-04-19,0.8,1,1,6.62140565176413,28.2193836251116,29.9983862398974,30.1543693213108,-0.2,14.6445823276681
"139",2017-04-26,0.8,1,1,6.61338421837956,28.2008907699187,29.9983862398974,30.1517195026865,-0.2,14.6445823276681
"140",2017-05-03,0.78,1,1,6.64898455002478,28.1860762602062,29.9988822100143,30.1500532337811,-0.22,14.6053710244237
"141",2017-05-10,0.76,1,1,6.58617165485467,28.1872234810449,29.9988822100143,30.150214267505,-0.24,14.6053710244237
"142",2017-05-17,0.79,1,1,6.65157187358973,28.1883698113793,29.9997912190685,30.1511566088308,-0.21,14.6181263045765
"143",2017-05-24,0.79,1,1,6.62539236800796,28.1895003369593,29.9997912190685,30.151315486892,-0.21,14.6181263045765
"144",2017-05-31,0.9,1,0,6.64248680136726,28.1894998318711,30.0003444666584,30.1517908937325,-0.1,14.6250923098556
"145",2017-06-07,0.85,1,1,6.68210859744981,28.2025718504289,30.0003444666584,30.153638336069,-0.15,14.6250923098556
"146",2017-06-14,0.93,1.25,0,6.65286302935335,28.2020075137338,30.0003444666584,30.1535581505849,-0.32,14.6229984115988
"147",2017-06-21,1.02,1.25,1,6.67076632084587,28.180881853183,30.0029602770515,30.1528355524627,-0.23,14.6229984115988
"148",2017-06-28,1.04,1.25,1,6.55535689181067,28.1721887762542,30.0029602770515,30.1516301270832,-0.21,14.5667101137727
"149",2017-07-05,1.05,1.25,1,6.63856778916652,28.1721885821344,30.0035638478131,30.1521503116031,-0.2,14.5667101137727
"150",2017-07-12,1.01,1.25,1,6.57368016696065,28.1750940631836,30.0035638478131,30.152551987191,-0.24,14.6208388906668
"151",2017-07-19,1.01,1.25,1,6.62406522779989,28.1808811022356,30.0063831180148,30.1557825835121,-0.24,14.6208388906668
"152",2017-07-26,1.04,1.25,1,6.60258789218934,28.1894994219767,30.0063831180148,30.1569830384813,-0.21,14.6379037118422
"153",2017-08-02,1.01,1.25,1,6.61740297797448,28.2065161333742,30.0069403850763,30.1598578260005,-0.24,14.6379037118422
"154",2017-08-09,1.01,1.25,1,6.61873898351722,28.2121250441704,30.0069403850763,30.1606550831266,-0.24,14.6632401822709
"155",2017-08-16,1.09,1.25,1,6.65929391968364,28.2065168368006,30.0080217109584,30.1607859912701,-0.16,14.6632401822709
"156",2017-08-23,1.02,1.25,1,6.62539236800796,28.2037012080267,30.0080217109584,30.1603875885165,-0.23,14.6750586483767
"157",2017-08-30,1.03,1.25,0,6.61606518513282,28.1980453139859,30.0080217109584,30.159590202303,-0.22,14.6750586483767
"158",2017-09-06,1.03,1.25,1,6.64509096950564,28.2121264160289,30.0080261818333,30.1615864392005,-0.22,14.6752440599571
"159",2017-09-13,1.05,1.25,1,6.65544035036765,28.2282156407007,30.0080261818333,30.163892617727,-0.2,14.6752440599571
"160",2017-09-20,1.01,1.25,1,6.61338421837956,28.2048295213029,30.0107145846396,30.1628594976892,-0.24,14.6276644696043
"161",2017-09-27,1.01,1.25,1,6.55535689181067,28.2110077205223,30.0107145846396,30.1637337820332,-0.24,14.6276644696043
"162",2017-10-04,1.02,1.25,1,6.62406522779989,28.2199269183071,30.0114580223792,30.1656413289932,-0.23,14.6070798893019
"163",2017-10-11,1.03,1.25,1,6.65672652417839,28.2315133910709,30.0114580223792,30.1673051066133,-0.22,14.6070798893019
"164",2017-10-18,1.05,1.25,1,6.63068338564237,28.2347993055827,30.0141372297119,30.1700718905718,-0.2,14.6320087994724
"165",2017-10-25,1.05,1.25,1,6.65286302935335,28.2407954439785,30.0141372297119,30.1709398664318,-0.2,14.6320087994724
"166",2017-11-01,1.08,1.25,0,6.67456139181443,28.2760363985643,30.0141009475686,30.1761011171376,-0.17,14.638620521228
"167",2017-11-08,1.08,1.25,1,6.65157187358973,28.2869938507333,30.0141009475686,30.1777475572761,-0.17,14.638620521228
"168",2017-11-15,1.16,1.25,1,6.67959918584438,28.2978319468385,30.0155605020749,30.1806285265754,-0.0900000000000001,14.6648410654097
"169",2017-11-22,1.04,1.25,1,6.64248680136726,28.3060113287385,30.0155605020749,30.1818774575358,-0.21,14.6648410654097
"170",2017-11-29,1.01,1.25,0,6.67076632084587,28.3090615507359,30.0155605020749,30.182345423249,-0.24,14.6527550521904
"171",2017-12-06,1.07,1.25,1,6.67959918584438,28.3095687060766,30.0157109110851,30.1825506433231,-0.18,14.6527550521904
"172",2017-12-13,1.05,1.5,0,6.72383244082121,28.2838734506051,30.0157109110851,30.178644867021,-0.45,14.6531316058031
"173",2017-12-20,1.34,1.5,1,6.67456139181443,28.2875108646369,30.018562488492,30.1816146365372,-0.16,14.6531316058031
"174",2017-12-27,1.37,1.5,1,6.63331843328038,28.2947459154372,30.018562488492,30.1827065234617,-0.13,14.5686600490981
"175",2018-01-03,1.4,1.5,1,6.7093043402583,28.2812668026095,30.0193016475842,30.1813062597125,-0.1,14.5686600490981
"176",2018-01-10,1.28,1.5,1,6.72503364216684,28.2968039426803,30.0193016475842,30.1836454448623,-0.22,14.6226103363002
"177",2018-01-17,1.38,1.5,1,6.72262979485545,28.3070288869186,30.0224080872684,30.1878339551664,-0.12,14.6226103363002
"178",2018-01-24,1.35,1.5,1,6.71538338633468,28.3075500551473,30.0224080872684,30.1879134338355,-0.15,14.6072747175636
"179",2018-01-31,1.38,1.5,0,6.75110146893676,28.3075379159598,30.0233119230987,30.1886776059378,-0.12,14.6072747175636
"180",2018-02-07,1.28,1.5,1,6.71295620067707,28.302441260421,30.0233119230987,30.1879024684361,-0.22,14.6261682926164
"181",2018-02-14,1.3,1.5,1,6.70563909486,28.3075383740652,30.0233119230987,30.1886776757605,-0.2,14.6261682926164
"182",2018-02-21,1.32,1.5,1,6.73221070646721,28.3425075280531,30.0247068315058,30.1952632273506,-0.18,14.6166884859379
"183",2018-02-28,1.39,1.5,0,6.76272950693188,28.3624349552054,30.0259952697647,30.1994974072097,-0.11,14.6166884859379
"184",2018-03-07,1.4,1.5,1,6.73578001424233,28.3899637445342,30.0259952697647,30.2039333805254,-0.1,14.6168047183823
"185",2018-03-14,1.43,1.5,1,6.73221070646721,28.4226629921083,30.0259952697647,30.2093370246727,-0.0700000000000001,14.6168047183823
"186",2018-03-21,1.47,1.75,0,6.76619171466035,28.4375048502467,30.0294539326516,30.2147116173084,-0.28,14.5661971353365
"187",2018-03-28,1.72,1.75,1,6.68210859744981,28.44860391152,30.0294539326516,30.2165972538746,-0.03,14.5661971353365
"188",2018-04-04,1.74,1.75,1,6.75576892198425,28.4591438549471,30.0306402086135,30.2193861729576,-0.01,14.5607780658258
"189",2018-04-11,1.76,1.75,1,6.69826805411541,28.4573943830931,30.0306402086135,30.2190854760993,0.01,14.5607780658258
"190",2018-04-18,1.75,1.75,1,6.60394382460047,28.4289853587923,30.0342736674398,30.2172880217464,0,14.5560135411555
"191",2018-04-25,1.71,1.75,1,6.59030104819669,28.4089750935224,30.0342736674398,30.2139691886269,-0.04,14.5560135411555
"192",2018-05-02,1.75,1.75,0,6.62406522779989,28.405293948858,30.0351336100996,30.2140836495027,0,14.513728361161
"193",2018-05-09,1.72,1.75,1,6.6631326959908,28.4034479013808,30.0351336100996,30.2137814036795,-0.03,14.513728361161
"194",2018-05-16,1.75,1.75,1,6.62539236800796,28.4062156307088,30.0372340396976,30.2159910336943,0,14.5231068455826
"195",2018-05-23,1.67,1.75,1,6.59167373200866,28.4089750081301,30.0372340396976,30.2164432401575,-0.0800000000000001,14.5231068455826
"196",2018-05-30,1.72,1.75,0,6.68586094706836,28.4131006301381,30.0372340396976,30.2171212950986,-0.03,14.5208975257788
"197",2018-06-06,1.73,1.75,1,6.69084227741856,28.412184956441,30.0387768716735,30.2182597848974,-0.02,14.5208975257788
"198",2018-06-13,1.71,2,0,6.70563909486,28.4089744579266,30.0387768716735,30.2177330142603,-0.29,14.5159441281952
"199",2018-06-20,1.87,2,1,6.64509096950564,28.4043702346842,30.0427298001748,30.2202887964532,-0.13,14.5159441281952
"200",2018-06-27,1.9,2,1,6.63331843328038,28.4025224443932,30.0427298001748,30.2199884148613,-0.1,14.4727284427091
"201",2018-07-11,1.89,2,1,6.64118216974059,28.4002083271432,30.0443179802021,30.2209437529913,-0.11,14.4897817018104
"202",2018-07-18,1.9,2,1,6.6631326959908,28.400208427189,30.0483621926188,30.2243343053819,-0.1,14.4897817018104
"203",2018-07-25,1.87,2,1,6.62406522779989,28.4103514656962,30.0483621926188,30.2259779491747,-0.13,14.4794009006868
"204",2018-08-01,1.88,2,0,6.66695679242921,28.4222073351139,30.0495922952811,30.2289449561599,-0.12,14.4794009006868
"205",2018-08-08,1.88,2,1,6.60394382460047,28.4383949802153,30.0495922952811,30.2316208331842,-0.12,14.4766344218603
"206",2018-08-15,1.98,2,1,6.69332366826995,28.4565172734726,30.0520114312474,30.2366704909896,-0.02,14.4766344218603
"207",2018-08-22,1.9,2,1,6.6682282484174,28.4725941935722,30.0520114312474,30.2393994383084,-0.1,14.4486895574534
"208",2018-08-29,1.93,2,1,6.68085467879022,28.480323016086,30.0520114312474,30.2407243630303,-0.0700000000000001,14.4486895574534
"209",2018-09-05,1.95,2,1,6.68210859744981,28.4816054190278,30.0536681342917,30.242316705479,-0.05,14.4615624622205
"210",2018-09-12,1.94,2,1,6.69703424766648,28.4738867205804,30.0536681342917,30.240993921063,-0.0600000000000001,14.4615624622205
"211",2018-09-19,1.92,2,1,6.67708346124714,28.4643708925442,30.0580043586969,30.2429773967207,-0.0800000000000001,14.4340408676727
"212",2018-09-26,1.92,2.25,0,6.71901315438526,28.4499254412826,30.0580043586969,30.2405525429542,-0.33,14.4340408676727
"213",2018-10-03,2.2,2.25,1,6.75110146893676,28.4375028686532,30.0591968123112,30.2394861001171,-0.0499999999999998,14.4216396342392
"214",2018-10-10,2.15,2.25,1,6.73221070646721,28.4307835222733,30.0591968123112,30.2383807053705,-0.1,14.4216396342392
"215",2018-10-17,2.18,2.25,1,6.64768837356333,28.4312449087449,30.0635970055316,30.24213580869,-0.0699999999999998,14.4228661627291
"216",2018-10-24,2.18,2.25,1,6.71901315438526,28.4384067325789,30.0635970055316,30.2433103403721,-0.0699999999999998,14.4228661627291
"217",2018-10-31,2.22,2.25,0,6.74405918631135,28.445517499272,30.0649418538716,30.2456059139051,-0.0299999999999998,14.4111507474961
"218",2018-11-07,2.18,2.25,1,6.71295620067707,28.454774946213,30.0649418538716,30.2471419483606,-0.0699999999999998,14.4111507474961
"219",2018-11-14,2.2,2.25,1,6.68835471394676,28.47086822856,30.0649418538716,30.2498405743573,-0.0499999999999998,14.3918744529511
"220",2018-11-21,2.18,2.25,1,6.70808408385307,28.4841646992492,30.0657674165585,30.2527823113518,-0.0699999999999998,14.3918744529511
"221",2018-11-28,2.19,2.25,1,6.74523634948436,28.4947603118032,30.0657674165585,30.2545975503175,-0.0600000000000001,14.3684757079244
"222",2018-12-12,2.2,2.25,1,6.78219205600679,28.5044102773375,30.0681011544946,30.2581940314662,-0.0499999999999998,14.3562865577822
"223",2018-12-19,2.3,2.5,0,6.8134445995109,28.496024494408,30.0728105044503,30.2606486212385,-0.2,14.3562865577822
"224",2018-12-26,2.44,2.5,1,6.86380339145295,28.4875679296629,30.0728105044503,30.2592054902051,-0.0600000000000001,14.311145383583
"225",2019-01-02,3.15,2.5,0,6.99576615630485,28.481177934768,30.0744278008447,30.2594656290097,0.65,14.311145383583
"226",2019-01-09,2.45,2.5,1,6.93925394604151,28.4773246383398,30.0744278008447,30.2588157439752,-0.0499999999999998,14.3206780043933
"227",2019-01-16,2.43,2.5,1,6.89568269774787,28.4708686714762,30.0791075186957,30.261629019563,-0.0699999999999998,14.3206780043933
"228",2019-01-23,2.4,2.5,1,6.8627579130514,28.4643708458691,30.0791075186957,30.2605478962445,-0.1,14.2977564440486
"229",2019-01-30,2.39,2.5,0,6.85435450225502,28.4648054905018,30.0791075186957,30.2606200307836,-0.11,14.2977564440486
"230",2019-02-06,2.38,2.5,1,6.84800527457636,28.4700044866887,30.0809047304045,30.2629827137708,-0.12,14.3158390794248
"231",2019-02-13,2.38,2.5,1,6.8330317327862,28.4951817212214,30.0809047304045,30.2672180325175,-0.12,14.3158390794248
"232",2019-02-20,2.39,2.5,1,6.81673588059497,28.4989673196328,30.0809414490339,30.2678930023372,-0.11,14.3081711927721
"233",2019-02-27,2.37,2.5,0,6.8001700683022,28.5019024176965,30.0809414490339,30.2683940933831,-0.13,14.3081711927721
"234",2019-03-06,2.38,2.5,1,6.88448665204278,28.4998071728718,30.0830382870239,30.2697756159241,-0.12,14.3536289232489
"235",2019-03-13,2.4,2.5,1,6.82979373751242,28.5209747151912,30.0830382870239,30.2734130689022,-0.1,14.3536289232489
"236",2019-03-20,2.47,2.5,1,6.8330317327862,28.529562002737,30.0876779879801,30.2787382044197,-0.0299999999999998,14.3016378741237
"237",2019-03-27,2.4,2.5,1,6.77878489768518,28.5360556385093,30.0876779879801,30.279870592458,-0.1,14.3016378741237
"238",2019-04-03,2.47,2.5,1,6.89467003943348,28.5352467222896,30.0893193477063,30.2810839492375,-0.0299999999999998,14.2963892141623
"239",2019-04-10,2.45,2.5,1,6.85118492749374,28.53240890142,30.0893193477063,30.2805893324809,-0.0499999999999998,14.2963892141623
"240",2019-04-17,2.5,2.5,1,6.86066367144829,28.5176847526144,30.0939165871785,30.2818496289467,0,14.25695716427
"241",2019-04-24,2.44,2.5,1,6.92559519711047,28.5010663038494,30.0939165871785,30.2790219269289,-0.0600000000000001,14.25695716427
"242",2019-05-01,2.54,2.5,1,6.97914527506881,28.4998093476041,30.0956286764585,30.2802329157642,0.04,14.2029454271676
"243",2019-05-08,2.43,2.5,1,6.94119005506837,28.505664217539,30.0956286764585,30.2812222573381,-0.0699999999999998,14.2029454271676
"244",2019-05-15,2.48,2.5,1,6.95844839329766,28.5019043725167,30.0972239454333,30.2819124444684,-0.02,14.2302736389719
"245",2019-05-22,2.37,2.5,1,6.94408720822953,28.4981302505493,30.0972239454333,30.2812769863303,-0.13,14.2302736389719
"246",2019-05-29,2.4,2.5,1,7.00215595440362,28.4922302167416,30.0972239454333,30.2802875724538,-0.1,14.2478772192699
"247",2019-06-05,2.4,2.5,1,6.98656645940643,28.4828881604768,30.0999143050232,30.2809751484245,-0.1,14.2478772192699
"248",2019-06-12,2.37,2.5,1,7.00215595440362,28.4734600071645,30.0999143050232,30.2794198297748,-0.13,14.2713258825685
"249",2019-06-19,2.36,2.5,1,6.96508034560141,28.4552068019565,30.1044765367977,30.2802686625088,-0.14,14.2713258825685
"250",2019-06-26,2.43,2.5,1,7.00215595440362,28.4477225498735,30.1044786441564,30.2790676941254,-0.0699999999999998,14.2079694507569
"251",2019-07-03,2.56,2.5,1,7.10085190894405,28.4424056281368,30.1066683458786,30.2800586343105,0.0600000000000001,14.2079694507569
"252",2019-07-10,2.46,2.5,1,7.03790596344718,28.4383981381321,30.1066683458786,30.2794217533697,-0.04,14.2261190826648
"253",2019-07-17,2.47,2.5,1,7.00669522683704,28.4334798448766,30.111124648051,30.2823965826202,-0.0299999999999998,14.2261190826648
"254",2019-07-24,2.41,2.5,1,7.03790596344718,28.4285373017273,30.111124648051,30.2816202069948,-0.0899999999999999,14.2384376476968
"255",2019-07-31,2.55,2.25,0,7.10414409298753,28.4222105809663,30.1132019759581,30.2823848325629,0.3,14.2384376476968
"256",2019-08-07,2.1,2.25,1,7.08673793451058,28.4330299715535,30.1132019759581,30.2840765331721,-0.15,14.2504211932902
"257",2019-08-14,2.13,2.25,1,7.12608727329912,28.4419587160287,30.1132019759581,30.2854842835637,-0.12,14.2504211932902
"258",2019-08-21,2.1,2.25,1,7.08002649992259,28.4565184907666,30.1153214933623,30.2895829145577,-0.15,14.2258723245151
"259",2019-08-28,2.12,2.25,1,7.08673793451058,28.4725951212387,30.1153214933623,30.2921713583778,-0.13,14.2258723245151
"260",2019-09-04,2.21,2.25,1,7.10824413973154,28.4884175013786,30.1183900606205,30.2973183255868,-0.04,14.202252136341
"261",2019-09-11,2.15,2.25,1,7.07242190053737,28.4977080532798,30.1183900606205,30.2988463595123,-0.1,14.202252136341
"262",2019-09-18,2.55,2,0,7.08673793451058,28.4888630762563,30.122868951055,30.3011375345799,0.55,14.1499428581865
"263",2019-09-25,2.01,2,1,6.98471632011827,28.4918269289873,30.122868951055,30.3016220798438,0.00999999999999979,14.1499428581865
"264",2019-10-02,1.85,2,1,7.04490511712937,28.4947824546018,30.1254727523001,30.3042834624978,-0.15,14.2128278962961
"265",2019-10-09,1.85,2,1,6.96696713861398,28.4956669229688,30.1254727523001,30.3044283352188,-0.15,14.2128278962961
"266",2019-10-16,2.05,2,1,6.99025650049388,28.5028016432733,30.1299201049039,30.3093165267605,0.0499999999999998,14.1971650977
"267",2019-10-23,1.87,2,1,6.97073007814353,28.5132022790447,30.1299201049039,30.3110320171994,-0.13,14.1971650977
"268",2019-10-30,1.82,1.75,0,7.00215595440362,28.5234964192759,30.1299201049039,30.3127446641968,0.0700000000000001,14.2235197604515
"269",2019-11-06,1.57,1.75,1,6.98749024700099,28.5336851841826,30.1327236106174,30.3167859428143,-0.18,14.2235197604515
"270",2019-11-13,1.57,1.75,1,6.92559519711047,28.5413598349048,30.1327236106174,30.3180803004737,-0.18,14.2378576926942
"271",2019-11-20,1.57,1.75,1,6.90875477931522,28.5457802334801,30.1346461541964,30.3204259001666,-0.18,14.2378576926942
"272",2019-11-27,1.55,1.75,1,6.91869521902047,28.5521772612594,30.1346461541964,30.3215133596714,-0.2,14.2537519404166
"273",2019-12-04,1.54,1.75,1,6.95272864462487,28.547774922727,30.1371424652507,30.3228371822093,-0.21,14.2537519404166
"274",2019-12-11,1.54,1.75,1,6.96224346426621,28.5385992765813,30.1371424652507,30.321288072017,-0.21,14.315954275762
"275",2019-12-18,1.53,1.75,1,6.96318998587024,28.5264643473446,30.1415383245726,30.3229227403909,-0.22,14.315954275762
